molecule_chembl_id,canonical_smiles,standard_value
CHEMBL2068998,C=C(C)[C@@H]1CCC2(NC(=O)N[C@H](CC(C)C)C(=O)OC)CC[C@@]3(C)C(CC[C@@H]4[C@@]5(C)CCC(=O)C(C)(C)C5CC[C@]43C)C12,5000.0
CHEMBL2068941,C=C(C)[C@@H]1CC[C@]2(C(=O)N[C@@H](CCSC)C(=O)OC)CC[C@@]3(C)C(CC[C@@H]4[C@@]5(C)CCC(=O)C(C)(C)C5CC[C@]43C)C12,14200.0
CHEMBL431525,C=C(C)[C@@H]1CC[C@]2(C(=O)O)CC[C@]3(C)[C@H](CC[C@@H]4[C@@]5(C)CCC(=O)C(C)(C)[C@@H]5CC[C@]43C)[C@@H]12,5700.0
CHEMBL2068994,C=C(C)[C@@H]1CC[C@]2(N=C=O)CC[C@@]3(C)C(CC[C@@H]4[C@@]5(C)CCC(=O)C(C)(C)C5CC[C@]43C)C12,221400.0
CHEMBL2068944,C=C(C)[C@@H]1CC[C@]2(C(=O)NCCO)CC[C@@]3(C)C(CC[C@@H]4[C@@]5(C)CCC(=O)C(C)(C)C5CC[C@]43C)C12,754700.0
CHEMBL2068937,C=C(C)[C@@H]1CCC2(NC(=O)N[C@@H](C(=O)OC)C(C)C)CC[C@@]3(C)C(CC[C@@H]4[C@@]5(C)CCC(=O)C(C)(C)C5CC[C@]43C)C12,85700.0
CHEMBL2068943,C=C(C)[C@@H]1CC[C@]2(C(=O)N[C@@H](C)C(=O)OC)CC[C@@]3(C)C(CC[C@@H]4[C@@]5(C)CCC(=O)C(C)(C)C5CC[C@]43C)C12,234400.0
CHEMBL2069096,C=C(C)[C@@H]1CCC2(NC(=O)N[C@H](CCSC)C(=O)OC)CC[C@@]3(C)C(CC[C@@H]4[C@@]5(C)CCC(=O)C(C)(C)C5CC[C@]43C)C12,27100.0
CHEMBL2069001,C=C(C)[C@@H]1CC[C@]2(C(=O)NCCCCCCCCCCCCCCCCCC)CC[C@@]3(C)C(CC[C@@H]4[C@@]5(C)CCC(=O)C(C)(C)C5CC[C@]43C)C12,55500.0
CHEMBL2068999,C=C(C)[C@@H]1CCC2(NC(=O)N[C@H](CCSC)C(=O)OC)CC[C@@]3(C)C(CC[C@@H]4[C@@]5(C)CC/C(=N\O)C(C)(C)C5CC[C@]43C)C12,2300.0
CHEMBL2069003,C=C(C)[C@@H]1CC[C@]2(C(=O)N[C@@H](CC(C)C)C(=O)OC)CC[C@@]3(C)C(CC[C@@H]4[C@@]5(C)CCC(=O)C(C)(C)C5CC[C@]43C)C12,72300.0
CHEMBL326166,C=C(C)[C@@H]1CC[C@]2(C(=O)O)CC[C@]3(C)C(CCC4[C@@]5(C)CC/C(=N\O)C(C)(C)C5CC[C@]43C)C12,2200.0
CHEMBL2068939,C=C(C)[C@@H]1CC[C@]2(C(=O)NN)CC[C@@]3(C)C(CC[C@@H]4[C@@]5(C)CC/C(=N\O)C(C)(C)C5CC[C@]43C)C12,2000.0
CHEMBL2069103,C=C(C)[C@@H]1CC[C@]2(C(N)=O)CC[C@@]3(C)C(CC[C@@H]4[C@@]5(C)CCC(=O)C(C)(C)C5CC[C@]43C)C12,700.0
CHEMBL269277,C=C(C)[C@@H]1CC[C@]2(C(=O)O)CC[C@]3(C)[C@H](CC[C@@H]4[C@@]5(C)CC[C@H](O)C(C)(C)[C@@H]5CC[C@]43C)[C@@H]12,219000.0
CHEMBL2069004,C=C(C)[C@@H]1CC[C@]2(C(=O)N[C@H](C(=O)OC)C(C)C)CC[C@@]3(C)C(CC[C@@H]4[C@@]5(C)CCC(=O)C(C)(C)C5CC[C@]43C)C12,13300.0
CHEMBL437484,CC(=O)N[C@@H]1[C@@H](N=C(N)N)C=C(C(=O)O)O[C@H]1[C@H](OC(=O)NCCCCCCNC(=O)CC(CC(=O)NCCCCCCNC(=O)O[C@H]([C@H](O)CO)[C@@H]1OC(C(=O)O)=C[C@H](N=C(N)N)[C@H]1NC(C)=O)C(=O)NCCCCCCNC(=O)O[C@H]([C@H](O)CO)[C@@H]1OC(C(=O)O)=C[C@H](NC(=N)N)[C@H]1NC(C)=O)[C@H](O)CO,0.0004
CHEMBL414566,CC(=O)N[C@@H]1[C@@H](N=C(N)N)C=C(C(=O)O)O[C@H]1[C@H](OC(=O)NCCCCCCNC(=O)CN(CCN(CC(=O)NCCCCCCNC(=O)O[C@H]([C@H](O)CO)[C@@H]1OC(C(=O)O)=C[C@H](N=C(N)N)[C@H]1NC(C)=O)CC(=O)NCCCCCCNC(=O)O[C@H]([C@H](O)CO)[C@@H]1OC(C(=O)O)=C[C@H](NC(=N)N)[C@H]1NC(C)=O)CC(=O)NCCCCCCNC(=O)O[C@H]([C@H](O)CO)[C@@H]1OC(C(=O)O)=C[C@H](N=C(N)N)[C@H]1NC(C)=O)[C@H](O)CO,0.00107
CHEMBL405409,CC(=O)N[C@@H]1[C@@H](N=C(N)N)C=C(C(=O)O)O[C@H]1[C@H](OC(=O)NCCCCCCNC(=O)CC(O)(CC(=O)NCCCCCCNC(=O)O[C@H]([C@H](O)CO)[C@@H]1OC(C(=O)O)=C[C@H](N=C(N)N)[C@H]1NC(C)=O)C(=O)NCCCCCCNC(=O)O[C@H]([C@H](O)CO)[C@@H]1OC(C(=O)O)=C[C@H](NC(=N)N)[C@H]1NC(C)=O)[C@H](O)CO,0.000159
CHEMBL414779,CC(=O)N[C@@H]1[C@@H](N=C(N)N)C=C(C(=O)O)O[C@H]1[C@H](OC(=O)NCCCCCCNC(=O)c1cc(C(=O)NCCCCCCNC(=O)O[C@H]([C@H](O)CO)[C@@H]2OC(C(=O)O)=C[C@H](N=C(N)N)[C@H]2NC(C)=O)c(C(=O)NCCCCCCNC(=O)O[C@H]([C@H](O)CO)[C@@H]2OC(C(=O)O)=C[C@H](NC(=N)N)[C@H]2NC(C)=O)cc1C(=O)NCCCCCCNC(=O)O[C@H]([C@H](O)CO)[C@@H]1OC(C(=O)O)=C[C@H](N=C(N)N)[C@H]1NC(C)=O)[C@H](O)CO,0.00053
CHEMBL407253,CC(=O)N[C@@H]1[C@@H](NC(=N)N)C=C(C(=O)O)O[C@H]1[C@H](OC(=O)NCCCCCCNC(=O)[C@H]1C[C@@H](C(=O)NCCCCCCNC(=O)O[C@H]([C@H](O)CO)[C@@H]2OC(C(=O)O)=C[C@H](NC(=N)N)[C@H]2NC(C)=O)C[C@@H](C(=O)NCCCCCCNC(=O)O[C@H]([C@H](O)CO)[C@@H]2OC(C(=O)O)=C[C@H](NC(=N)N)[C@H]2NC(C)=O)C1)[C@H](O)CO,0.0003
CHEMBL413377,CC(=O)N[C@@H]1[C@@H](N=C(N)N)C=C(C(=O)O)O[C@H]1[C@H](OC(=O)NCCCCCCNC(=O)c1cc(C(=O)NCCCCCCNC(=O)O[C@H]([C@H](O)CO)[C@@H]2OC(C(=O)O)=C[C@H](N=C(N)N)[C@H]2NC(C)=O)cc(C(=O)NCCCCCCNC(=O)O[C@H]([C@H](O)CO)[C@@H]2OC(C(=O)O)=C[C@H](NC(=N)N)[C@H]2NC(C)=O)c1)[C@H](O)CO,0.00082
CHEMBL418434,CC(=O)N[C@@H]1[C@@H](NC(=N)N)C=C(C(=O)O)O[C@H]1[C@H](OC(=O)NCCCCCCN)[C@H](O)CO,0.438
CHEMBL325196,CC1(C)C[C@@H](O)C[C@](C)(C/N=C(\S)c2cccc(C#N)c2)C1,2.5
CHEMBL604208,C#C[C@H]1OC(n2cnc3c(N)ncnc32)[C@H](O)[C@@H]1O,0.38
CHEMBL8771,Nc1ncnc2c1ncn2[C@@H]1C=C(CO)[C@@H](O)[C@H]1O,20.0
CHEMBL610322,O=c1ccc2nnn3c2n1C1O[C@H](C3)[C@@H](O)[C@H]1O,100000.0
CHEMBL364315,CC(=O)NC1[C@@H](N=C(N)N)C=C(C(=O)O)O[C@H]1[C@H](OC(=O)NCCCCCCCCCCCCNC(=O)O[C@H](C(O)CO)[C@@H]1OC(C(=O)O)=C[C@H](NC(=N)N)C1NC(C)=O)C(O)CO,1E-7
CHEMBL373352,COC(=O)C1=C[C@H](N=C(N)N)C(NC(C)=O)[C@H]([C@H](OC(=O)NCc2ccc(-c3ccc(CNC(=O)O[C@H](C(O)CO)[C@@H]4OC(C(=O)O)=C[C@H](N=C(N)N)C4NC(C)=O)cc3)cc2)C(O)CO)O1,0.0037
CHEMBL218567,COC(=O)C1=C[C@H](N=C(N)N)C(NC(C)=O)[C@H]([C@H](OC(=O)NCCCNC(=O)c2ccc(C(=O)NCCCNC(=O)O[C@H](C(O)CO)[C@@H]3OC(C(=O)O)=C[C@H](N=C(N)N)C3NC(C)=O)cc2)C(O)CO)O1,0.000009
CHEMBL193303,CC(=O)NC1[C@@H](NC(=N)N)C=C(C(=O)O)O[C@H]1[C@H](O)C(O)CO,0.035
CHEMBL221722,NC(=O)c1nc(F)cnc1O,4500.0
CHEMBL1229,CCOC(=O)C1=C[C@@H](OC(CC)CC)[C@H](NC(C)=O)[C@@H](N)C1,140.0
CHEMBL1161992,NCC(N)C12CC3CC(CC(C3)C1)C2.O=C(O)/C=C\C(=O)O,18300.0
CHEMBL535397,C1CCC(C23CC4CC(CC(C4)C2)C3)NC1.Cl,70500.0
CHEMBL538581,C1CNC(C23CC4CC(CC(C4)C2)C3)C1.Cl,51300.0
CHEMBL535396,CC(N)C12CC3CC(CC(C3)C1)C2.Cl,19100.0
CHEMBL1569,Cl.NC12CC3CC(CC(C3)C1)C2,49100.0
CHEMBL1161996,CN1CCN(C)C(C23CC4CC(CC(C4)C2)C3)C1.O=C(O)/C=C\C(=O)O,351000.0
CHEMBL1161995,CN1CCNCC1C12CC3CC(CC(C3)C1)C2.O=C(O)/C=C\C(=O)O,197000.0
CHEMBL1161994,C1CNC(C23CC4CC(CC(C4)C2)C3)CN1.O=C(O)/C=C\C(=O)O,24100.0
CHEMBL234973,CN1CC(=O)NCC1C12CC3CC(CC(C3)C1)C2,604000.0
CHEMBL232673,O=C1CNC(C23CC4CC(CC(C4)C2)C3)CN1,91800.0
CHEMBL398055,CN1CC(C23CC4CC(CC(C4)C2)C3)N(C)C1=O,107000.0
CHEMBL232481,CN1C(=O)NCC1C12CC3CC(CC(C3)C1)C2,269000.0
CHEMBL233117,O=C1NCC(C23CC4CC(CC(C4)C2)C3)N1,72600.0
CHEMBL1161993,CNC(CN)C12CC3CC(CC(C3)C1)C2.O=C(O)/C=C\C(=O)O,56800.0
CHEMBL558577,C1CC2(CCN1)C1CC3CC(C1)CC2C3.Cl,160.0
CHEMBL245898,C1C2CC3CC1CC(C2)C31CN1,5000.0
CHEMBL959,CC(N)C12CC3CC(CC(C3)C1)C2,362.0
CHEMBL394461,C1C2CC3CC1CC(C2)C31CNC1,330.0
CHEMBL396099,CN1CCC12C1CC3CC(C1)CC2C3,590.0
CHEMBL247099,C1CC2(N1)C1CC3CC(C1)CC2C3,360.0
CHEMBL246897,CN1CC12C1CC3CC(C1)CC2C3,4500.0
CHEMBL536996,CN1CCC2(CC1)C1CC3CC(C1)CC2C3.Cl,4300.0
CHEMBL486477,CO[C@@H]1C[C@H](O[C@H]2CC[C@@]3(C)C(=CC[C@H]4C(=O)OC5CO[C@]6(C)OC=C(CC[C@@H]43)[C@H]56)C2)O[C@H](C)[C@H]1O[C@H]1C[C@H](O)[C@H](O[C@@H]2C[C@@H](OC)[C@H](O[C@@H]3O[C@H](CO)[C@@H](O[C@@H]4O[C@H](CO)[C@@H](O)[C@H](O)[C@H]4O)[C@H](O)[C@H]3O)[C@@H](C)O2)[C@@H](C)O1,20000.0
CHEMBL464737,COC(=O)C(Cc1ccc2c(c1)OCO2)C(Cc1cc(OC)c2c(c1)OCO2)C(=O)OC,3.1
CHEMBL463086,COC(=O)/C(=C/c1ccc2c(c1)OCO2)C(Cc1cc(OC)c2c(c1)OCO2)C(=O)OC,7.4
CHEMBL126603,Cc1cc(C)cc(S(=O)(=O)c2c(C(=O)NCC(N)=O)[nH]c3ccc(Cl)cc23)c1,4000.0
CHEMBL512673,Cc1cc(C)cc(S(=O)(=O)c2c(C(=O)NCC(N)=O)[nH]c3ccc(Br)cc23)c1,4000.0
CHEMBL470403,Cc1cc(C)cc(S(=O)(=O)c2c(C(=O)NCC(N)=O)[nH]c3ccc([N+](=O)[O-])cc23)c1,20000.0
CHEMBL470404,Cc1cc(C)cc(S(=O)(=O)c2c(C(=O)NCC(N)=O)[nH]c3ccc(Cl)c(F)c23)c1,4000.0
CHEMBL127012,Cc1cc(C)cc(S(=O)(=O)c2c(C(=O)NC(C)C(N)=O)[nH]c3ccc(Cl)cc23)c1,4000.0
CHEMBL469562,Cc1cc(C)cc(S(=O)(=O)c2c(C(=O)NC(C)C(N)=O)[nH]c3ccc(Br)cc23)c1,800000.0
CHEMBL511290,Cc1cc(C)cc(S(=O)(=O)c2c(C(=O)NC(C)C(N)=O)[nH]c3ccc([N+](=O)[O-])cc23)c1,20000.0
CHEMBL511963,Cc1cc(C)cc(S(=O)(=O)c2c(C(=O)NC(C)C(N)=O)[nH]c3ccc(Cl)c(F)c23)c1,4000.0
CHEMBL469985,Cc1cc(C)cc(S(=O)(=O)c2c(C(=O)NCCC(N)=O)[nH]c3ccc(Cl)cc23)c1,4000.0
CHEMBL469986,Cc1cc(C)cc(S(=O)(=O)c2c(C(=O)NCCC(N)=O)[nH]c3ccc(Br)cc23)c1,4000.0
CHEMBL472217,Cc1cc(C)cc(S(=O)(=O)c2c(C(=O)NCCC(N)=O)[nH]c3ccc([N+](=O)[O-])cc23)c1,20000.0
CHEMBL513080,Cc1cc(C)cc(S(=O)(=O)c2c(C(=O)NCCC(N)=O)[nH]c3ccc(Cl)c(F)c23)c1,20000.0
CHEMBL469358,Cc1cc(C)cc(S(=O)(=O)c2c(C(=O)NC(C)CC(N)=O)[nH]c3ccc(Cl)cc23)c1,4000.0
CHEMBL469569,Cc1cc(C)cc(S(=O)(=O)c2c(C(=O)NC(C)CC(N)=O)[nH]c3ccc(Br)cc23)c1,4000.0
CHEMBL512486,Cc1cc(C)cc(S(=O)(=O)c2c(C(=O)NC(C)CC(N)=O)[nH]c3ccc([N+](=O)[O-])cc23)c1,4000.0
CHEMBL469804,Cc1cc(C)cc(S(=O)(=O)c2c(C(=O)NC(C)CC(N)=O)[nH]c3ccc(Cl)c(F)c23)c1,4000.0
CHEMBL470007,Cc1cc(C)cc(S(=O)(=O)c2c(C(=O)NCCS(N)(=O)=O)[nH]c3ccc(Cl)cc23)c1,4000.0
CHEMBL470630,Cc1cc(C)cc(S(=O)(=O)c2c(C(=O)NCCS(N)(=O)=O)[nH]c3ccc(Br)cc23)c1,800000.0
CHEMBL524360,Cc1cc(C)cc(S(=O)(=O)c2c(C(=O)NCCS(N)(=O)=O)[nH]c3ccc([N+](=O)[O-])cc23)c1,4000.0
CHEMBL502297,Cc1cc(C)cc(S(=O)(=O)c2c(C(=O)NCCS(N)(=O)=O)[nH]c3ccc(Cl)c(F)c23)c1,4000.0
CHEMBL502565,Cc1cc(C)cc(S(=O)(=O)c2c(C(=O)NC(C)CS(N)(=O)=O)[nH]c3ccc(Cl)cc23)c1,4000.0
CHEMBL502566,Cc1cc(C)cc(S(=O)(=O)c2c(C(=O)NC(C)CS(N)(=O)=O)[nH]c3ccc(Br)cc23)c1,800000.0
CHEMBL485180,Cc1cc(C)cc(S(=O)(=O)c2c(C(=O)NC(C)CS(N)(=O)=O)[nH]c3ccc([N+](=O)[O-])cc23)c1,4000.0
CHEMBL521183,Cc1cc(C)cc(S(=O)(=O)c2c(C(=O)NC(C)CS(N)(=O)=O)[nH]c3ccc(Cl)c(F)c23)c1,4000.0
CHEMBL85059,Cc1cc(C)cc(S(=O)(=O)c2c(C(N)=O)[nH]c3ccc(Cl)cc23)c1,100000.0
CHEMBL383700,Cc1cc(C)cc(S(=O)(=O)c2c(C(=O)NNC(C)C)[nH]c3ccc(Cl)cc23)c1,20000.0
CHEMBL398174,Cc1cc(C)cc(S(=O)(=O)c2c(C(N)=O)[nH]c3ccc(Cl)c(F)c23)c1,4000.0
CHEMBL500891,CC1(O)C2CC3CC(C2)CC1C3,10800.0
CHEMBL461320,CC1(N)C2CC3CC(C2)CC1C3.Cl,2000.0
CHEMBL506444,CCC1(N)C2CC3CC(C2)CC1C3.Cl,1900.0
CHEMBL461321,CCCC1(N)C2CC3CC(C2)CC1C3.Cl,1700.0
CHEMBL473914,C1CNC2(C1)C1CC3CC(C1)CC2C3.Cl,1800.0
CHEMBL512924,C1CNC2C3CC4CC(C3)CC2(C1)C4,4100.0
CHEMBL509629,CN1CC2C3CC4CC(C3)CC2(C4)C1,2400.0
CHEMBL507920,C1C2CC3CC1CC1(CNCC31)C2,500.0
CHEMBL506994,CN1CCC23CC4CC(CC(C4)C12)C3,7700.0
CHEMBL460221,CCN1CCC23CC4CC(CC(C4)C12)C3,3400.0
CHEMBL448683,C1CC23CC4CC(CC(C4)C2N1)C3,2200.0
CHEMBL513271,C1CC2C3CC4CC(C3)CC2(CN1)C4,600.0
CHEMBL460215,CN1CCCC23CC4CC(CC(C4)C12)C3,4400.0
CHEMBL554168,CC(=O)N[C@@H]1[C@@H](NC(=N)N)C=C(C(=O)O)O[C@H]1[C@H](OC(=O)NCc1cn(CCOCOc2ccc(-c3c4nc(c(-c5ccc(OCOCCn6cc(CNC(=O)O[C@H]([C@H](O)CO)[C@@H]7OC(C(=O)O)=C[C@H](NC(=N)N)[C@H]7NC(C)=O)nn6)cc5)c5ccc([nH]5)c(-c5ccc(OCOCCn6cc(CNC(=O)O[C@H]([C@H](O)CO)[C@@H]7OC(C(=O)O)=C[C@H](NC(=N)N)[C@H]7NC(C)=O)nn6)cc5)c5nc(c(-c6ccc(OCOCCn7cc(CNC(=O)O[C@H]([C@H](O)CO)[C@@H]8OC(C(=O)O)=C[C@H](NC(=N)N)[C@H]8NC(C)=O)nn7)cc6)c6ccc3[nH]6)C=C5)C=C4)cc2)nn1)[C@H](O)CO,2.0
CHEMBL564257,CC(=O)N[C@@H]1[C@@H](NC(=N)N)C=C(C(=O)O)O[C@H]1[C@H](OC(=O)NCc1cn(CCOCCOCCOCCNC(=O)COc2ccc(-c3c4nc(c(-c5ccc(OCC(=O)NCCOCCOCCOCCn6cc(CNC(=O)O[C@H]([C@H](O)CO)[C@@H]7OC(C(=O)O)=C[C@H](NC(=N)N)[C@H]7NC(C)=O)nn6)cc5)c5ccc([nH]5)c(-c5ccc(OCC(=O)NCCOCCOCCOCCn6cc(CNC(=O)O[C@H]([C@H](O)CO)[C@@H]7OC(C(=O)O)=C[C@H](NC(=N)N)[C@H]7NC(C)=O)nn6)cc5)c5nc(c(-c6ccc(OCC(=O)NCCOCCOCCOCCn7cc(CNC(=O)O[C@H]([C@H](O)CO)[C@@H]8OC(C(=O)O)=C[C@H](NC(=N)N)[C@H]8NC(C)=O)nn7)cc6)c6ccc3[nH]6)C=C5)C=C4)cc2)nn1)[C@H](O)CO,0.5
CHEMBL556810,CC(=O)N[C@@H]1[C@@H](NC(=N)N)C=C(C(=O)O)O[C@H]1[C@H](OC(=O)NCc1cn(CCOCCOCCOCCOCCNC(=O)COc2ccc(-c3c4nc(c(-c5ccc(OCC(=O)NCCOCCOCCOCCOCCn6cc(CNC(=O)O[C@H]([C@H](O)CO)[C@@H]7OC(C(=O)O)=C[C@H](NC(=N)N)[C@H]7NC(C)=O)nn6)cc5)c5ccc([nH]5)c(-c5ccc(OCC(=O)NCCOCCOCCOCCOCCn6cc(CNC(=O)O[C@H]([C@H](O)CO)[C@@H]7OC(C(=O)O)=C[C@H](NC(=N)N)[C@H]7NC(C)=O)nn6)cc5)c5nc(c(-c6ccc(OCC(=O)NCCOCCOCCOCCOCCn7cc(CNC(=O)O[C@H]([C@H](O)CO)[C@@H]8OC(C(=O)O)=C[C@H](NC(=N)N)[C@H]8NC(C)=O)nn7)cc6)c6ccc3[nH]6)C=C5)C=C4)cc2)nn1)[C@@H](O)CO,0.1
CHEMBL569437,COC(=O)[C@@H]1NC(=O)[C@H]2NC(=O)[C@H](NC(=O)[C@@H]3NC(=O)[C@H]4NC(=O)[C@H](NC(=O)[C@H](N=[N+]=[N-])c5ccc(O)c(c5)Oc5cc4cc(O)c5C)[C@H](O)c4ccc(cc4)Oc4cc3cc(c4O)Oc3ccc(cc3)[C@H]2O)c2ccc(O)c(c2)-c2c(O)cc(O)cc21,20000.0
CHEMBL577521,CCCCCCCCCCOCc1cn([C@H]2C(=O)N[C@H]3C(=O)N[C@H](C(=O)N[C@H]4C(=O)N[C@H]5C(=O)N[C@H](C(=O)N[C@@H](C(=O)OC)c6cc(O)cc(O)c6-c6cc5ccc6O)[C@H](O)c5ccc(cc5)Oc5cc4cc(c5O)Oc4ccc(cc4)[C@H]3O)c3cc(O)c(C)c(c3)Oc3cc2ccc3O)nn1,200.0
CHEMBL498879,C[C@@H]1O[C@@H](OC[C@H]2O[C@@H](Oc3c(-c4ccc(O)cc4)oc4cc(O)cc(O)c4c3=O)[C@H](O)[C@@H](O)[C@@H]2O)[C@H](O)[C@H](O)[C@H]1O,72900.0
CHEMBL596219,O=c1c(O[C@@H]2O[C@H](CO)[C@@H](O)[C@H](O)[C@H]2O)c(-c2ccc(O)cc2)oc2c(O[C@@H]3O[C@H](CO)[C@@H](O)[C@H](O)[C@H]3O)c(O)cc(O)c12,100000.0
CHEMBL596218,C[C@@H]1O[C@@H](Oc2cc(O)c3c(=O)c(O)c(-c4ccc(O)cc4)oc3c2O)[C@H](O)[C@H](O[C@H]2O[C@@H](CO)[C@H](O)[C@@H](O)[C@@H]2O)[C@H]1O,35100.0
CHEMBL596258,C[C@@H]1OC(Oc2cc(O)c3c(=O)c(O)c(-c4ccc(O)cc4)oc3c2O)[C@H](O)[C@H](O)[C@H]1O,49600.0
CHEMBL594871,COc1cc([C@H]2Oc3cc(O)c4c(=O)c(O)c(-c5ccc(O)cc5)oc4c3O[C@@H]2CO)ccc1O,29300.0
CHEMBL253570,O=c1c(O)c(-c2ccc(O)c(O)c2)oc2c(O)c(O)cc(O)c12,36300.0
CHEMBL611029,O=c1c(O)c(-c2ccc(O)cc2)oc2c(O)c(O)cc(O)c12,23000.0
CHEMBL50,O=c1c(O)c(-c2ccc(O)c(O)c2)oc2cc(O)cc(O)c12,133600.0
CHEMBL150,O=c1c(O)c(-c2ccc(O)cc2)oc2cc(O)cc(O)c12,18500.0
CHEMBL330645,O=C(/C=C/CCc1ccc(O)cc1)CCc1ccc(O)cc1,282800.0
CHEMBL464274,O=C(/C=C/CCc1ccc(O)c(O)c1)CCc1ccc(O)c(O)c1,350000.0
CHEMBL455297,O=C(CCc1ccc(O)c(O)c1)C[C@@H](O)CCc1ccc(O)c(O)c1,350000.0
CHEMBL464570,O=C(CCc1ccc(O)c(O)c1)C[C@H](CCc1ccc(O)c(O)c1)O[C@@H]1OC[C@@H](O)[C@H](O)[C@H]1O,350000.0
CHEMBL590724,O=C(CCc1ccc(O)c(O)c1)C[C@H](CCc1ccc(O)c(O)c1)O[C@@H]1OC[C@@H](O)[C@H](O)[C@H]1OC(=O)/C=C/c1ccc(O)cc1,350000.0
CHEMBL590725,COc1cc(/C=C/C(=O)O[C@H]2[C@H](O[C@@H](CCc3ccc(O)c(O)c3)CC(=O)CCc3ccc(O)c(O)c3)OC[C@@H](O)[C@@H]2O)ccc1O,350000.0
CHEMBL604084,O=C(CCc1ccc(O)c(O)c1)C[C@H](CCc1cccc(O)c1)O[C@@H]1OC[C@@H](O)[C@H](O)[C@H]1O,350000.0
CHEMBL598970,O=C(CCc1ccc(O)cc1)C[C@H](CCc1ccc(O)c(O)c1)O[C@@H]1OC[C@@H](O)[C@H](O)[C@H]1O,350000.0
CHEMBL596919,O=C(CCc1ccc(O)cc1)C[C@H](CCc1cccc(O)c1)O[C@@H]1OC[C@@H](O)[C@H](O)[C@H]1O,56100.0
CHEMBL1087992,O=C(CCc1ccc(O)cc1)C[C@@H](O)CCc1ccc(O)cc1,29900.0
CHEMBL228449,O=C(CCc1ccc(O)cc1)C[C@H](CCc1ccc(O)cc1)O[C@@H]1O[C@H](CO)[C@@H](O)[C@H](O)[C@H]1O,105000.0
CHEMBL1077034,COc1cc(/C=C/C(=O)CC(=O)/C=C/c2ccc(OC(=O)[C@H](Cc3ccccc3)NC(=O)[C@@H](N)Cc3c[nH]c4ccccc34)c(OC)c2)ccc1OC(=O)[C@H](Cc1ccccc1)NC(=O)[C@@H](N)Cc1c[nH]c2ccccc12,96.0
CHEMBL1077033,CCCCCCCCCC(=O)Oc1ccc(/C=C/C(=O)CC(=O)/C=C/c2ccc(OC(=O)CCCCCCCCC)c(OC)c2)cc1OC,147.0
CHEMBL1077031,COc1cc(/C=C/C(=O)CC(=O)/C=C/c2ccc(OC(=O)CCC(NC(=O)c3ccc(NCc4cnc5nc(N)[nH]c(=O)c5n4)cc3)C(=O)O)c(OC)c2)ccc1OC(=O)CCC(NC(=O)c1ccc(NCc2cnc3nc(N)[nH]c(=O)c3n2)cc1)C(=O)O,82.0
CHEMBL1077035,COc1cc(/C=C/C(=O)C(CCOC(=O)CCC(NC(=O)c2ccc(NCc3cnc4nc(N)[nH]c(=O)c4n3)cc2)C(=O)O)C(=O)/C=C/c2ccc(O)c(OC)c2)ccc1O,11.0
CHEMBL1077036,COc1cc(/C=C/C(=O)CC(=O)/C=C/c2ccc(OCCOC(=O)CCC(NC(=O)c3ccc(NCc4cnc5nc(N)[nH]c(=O)c5n4)cc3)C(=O)O)c(OC)c2)ccc1O,119.0
CHEMBL116438,COc1cc(/C=C/C(=O)/C=C(O)/C=C/c2ccc(O)c(OC)c2)ccc1O,271.0
CHEMBL1089302,Nc1ccn([C@@H]2C[C@H](CO)[C@@H](O)[C@H]2O)c(=O)n1,1600.0
CHEMBL1089502,Nc1ccn([C@H]2C[C@@H](CO)[C@H](O)[C@@H]2O)c(=O)n1,41000.0
CHEMBL1089305,C[C@H](NP(=O)(OC[C@H]1O[C@@H](n2cnc(C(N)=O)n2)[C@H](O)[C@@H]1O)Oc1cccc2ccccc12)C(=O)OCc1ccccc1,18000.0
CHEMBL1089306,NC(=O)c1ncn([C@@H]2O[C@H](COP(=O)(N[C@@H](Cc3ccccc3)C(=O)OCc3ccccc3)Oc3cccc4ccccc34)[C@@H](O)[C@H]2O)n1,100000.0
CHEMBL1089307,NC(=O)c1ncn([C@@H]2O[C@H](COP(=O)(NCC(=O)OCc3ccccc3)Oc3cccc4ccccc34)[C@@H](O)[C@H]2O)n1,20000.0
CHEMBL1095976,COC(=O)[C@@H]1NC(=O)[C@H]2NC(=O)[C@H](NC(=O)[C@@H]3NC(=O)[C@H]4NC(=O)[C@H](NC(=O)[C@H](n5cc(CO[C@H]6O[C@H](COC(C)=O)[C@@H](OC(C)=O)[C@H](OC(C)=O)[C@H]6OC(C)=O)nn5)c5ccc(O)c(c5)Oc5cc4cc(O)c5C)[C@H](O)c4ccc(cc4)Oc4cc3cc(c4O)Oc3ccc(cc3)[C@H]2O)c2ccc(O)c(c2)-c2c(O)cc(O)cc21,9500.0
CHEMBL1095981,COC(=O)[C@@H]1NC(=O)[C@H]2NC(=O)[C@H](NC(=O)[C@@H]3NC(=O)[C@H]4NC(=O)[C@H](NC(=O)[C@H](n5cc(CO[C@H]6O[C@H](CO)[C@@H](O)[C@H](O)[C@H]6O)nn5)c5ccc(O)c(c5)Oc5cc4cc(O)c5C)[C@H](O)c4ccc(cc4)Oc4cc3cc(c4O)Oc3ccc(cc3)[C@H]2O)c2ccc(O)c(c2)-c2c(O)cc(O)cc21,14000.0
CHEMBL1095977,COC(=O)[C@@H]1NC(=O)[C@H]2NC(=O)[C@H](NC(=O)[C@@H]3NC(=O)[C@H]4NC(=O)[C@H](NC(=O)[C@H](n5cc(CO[C@H]6O[C@H](COC(C)=O)[C@@H](OC(C)=O)[C@H](OC(C)=O)[C@@H]6OC(C)=O)nn5)c5ccc(O)c(c5)Oc5cc4cc(O)c5C)[C@H](O)c4ccc(cc4)Oc4cc3cc(c4O)Oc3ccc(cc3)[C@H]2O)c2ccc(O)c(c2)-c2c(O)cc(O)cc21,4000.0
CHEMBL1095982,COC(=O)[C@@H]1NC(=O)[C@H]2NC(=O)[C@H](NC(=O)[C@@H]3NC(=O)[C@H]4NC(=O)[C@H](NC(=O)[C@H](n5cc(CO[C@H]6O[C@H](CO)[C@@H](O)[C@H](O)[C@@H]6O)nn5)c5ccc(O)c(c5)Oc5cc4cc(O)c5C)[C@H](O)c4ccc(cc4)Oc4cc3cc(c4O)Oc3ccc(cc3)[C@H]2O)c2ccc(O)c(c2)-c2c(O)cc(O)cc21,10000.0
CHEMBL1095978,COC(=O)[C@@H]1NC(=O)[C@H]2NC(=O)[C@H](NC(=O)[C@@H]3NC(=O)[C@H]4NC(=O)[C@H](NC(=O)[C@H](n5cc(CO[C@H]6O[C@H](COC(C)=O)[C@@H](O[C@H]7O[C@H](COC(C)=O)[C@@H](OC(C)=O)[C@H](OC(C)=O)[C@H]7OC(C)=O)[C@H](OC(C)=O)[C@H]6OC(C)=O)nn5)c5ccc(O)c(c5)Oc5cc4cc(O)c5C)[C@H](O)c4ccc(cc4)Oc4cc3cc(c4O)Oc3ccc(cc3)[C@H]2O)c2ccc(O)c(c2)-c2c(O)cc(O)cc21,100000.0
CHEMBL1095983,COC(=O)[C@@H]1NC(=O)[C@H]2NC(=O)[C@H](NC(=O)[C@@H]3NC(=O)[C@H]4NC(=O)[C@H](NC(=O)[C@H](n5cc(CO[C@H]6O[C@H](CO)[C@@H](O[C@H]7O[C@H](CO)[C@@H](O)[C@H](O)[C@H]7O)[C@H](O)[C@H]6O)nn5)c5ccc(O)c(c5)Oc5cc4cc(O)c5C)[C@H](O)c4ccc(cc4)Oc4cc3cc(c4O)Oc3ccc(cc3)[C@H]2O)c2ccc(O)c(c2)-c2c(O)cc(O)cc21,16000.0
CHEMBL1095979,COC(=O)[C@@H]1NC(=O)[C@H]2NC(=O)[C@H](NC(=O)[C@@H]3NC(=O)[C@H]4NC(=O)[C@H](NC(=O)[C@H](n5cc(CO[C@H]6O[C@H](COC(C)=O)[C@@H](OC(C)=O)[C@H](OC(C)=O)[C@H]6NC(C)=O)nn5)c5ccc(O)c(c5)Oc5cc4cc(O)c5C)[C@H](O)c4ccc(cc4)Oc4cc3cc(c4O)Oc3ccc(cc3)[C@H]2O)c2ccc(O)c(c2)-c2c(O)cc(O)cc21,8000.0
CHEMBL1095984,COC(=O)[C@@H]1NC(=O)[C@H]2NC(=O)[C@H](NC(=O)[C@@H]3NC(=O)[C@H]4NC(=O)[C@H](NC(=O)[C@H](n5cc(CO[C@H]6O[C@H](CO)[C@@H](O)[C@H](O)[C@H]6NC(C)=O)nn5)c5ccc(O)c(c5)Oc5cc4cc(O)c5C)[C@H](O)c4ccc(cc4)Oc4cc3cc(c4O)Oc3ccc(cc3)[C@H]2O)c2ccc(O)c(c2)-c2c(O)cc(O)cc21,9000.0
CHEMBL1095980,COC(=O)[C@@H]1NC(=O)[C@H]2NC(=O)[C@H](NC(=O)[C@@H]3NC(=O)[C@H]4NC(=O)[C@H](NC(=O)[C@H](n5cc(CO[C@@H]6O[C@@H](C)[C@H](OC(C)=O)[C@@H](OC(C)=O)[C@H]6OC(C)=O)nn5)c5ccc(O)c(c5)Oc5cc4cc(O)c5C)[C@H](O)c4ccc(cc4)Oc4cc3cc(c4O)Oc3ccc(cc3)[C@H]2O)c2ccc(O)c(c2)-c2c(O)cc(O)cc21,100000.0
CHEMBL1095985,COC(=O)[C@@H]1NC(=O)[C@H]2NC(=O)[C@H](NC(=O)[C@@H]3NC(=O)[C@H]4NC(=O)[C@H](NC(=O)[C@H](n5cc(CO[C@@H]6O[C@@H](C)[C@H](O)[C@@H](O)[C@H]6O)nn5)c5ccc(O)c(c5)Oc5cc4cc(O)c5C)[C@H](O)c4ccc(cc4)Oc4cc3cc(c4O)Oc3ccc(cc3)[C@H]2O)c2ccc(O)c(c2)-c2c(O)cc(O)cc21,100000.0
CHEMBL1222472,CC(=O)O[C@@]1(C)[C@@H](COC(=O)c2ccccc2)O[C@@H](n2cnc3c(Cl)ncnc32)[C@]1(C)F,7.1
CHEMBL1222558,CC(=O)O[C@@]1(C)[C@@H](COC(=O)c2ccccc2)O[C@@H](n2cnc3c(NC4CCC4)ncnc32)[C@]1(C)F,23.0
CHEMBL1222629,CC(=O)O[C@@]1(C)[C@@H](COC(=O)c2ccccc2)O[C@@H](n2cnc3c(N4CCOCC4)ncnc32)[C@]1(C)F,24.0
CHEMBL1222627,CC(=O)O[C@@]1(C)[C@@H](COC(=O)c2ccccc2)O[C@@H](n2cnc3c(NCc4ccco4)ncnc32)[C@]1(C)F,31.0
CHEMBL1222628,CC(=O)O[C@@]1(C)[C@@H](COC(=O)c2ccccc2)O[C@@H](n2cnc3c(NCC4CC4)ncnc32)[C@]1(C)F,32.0
CHEMBL1222697,CC(=O)O[C@@]1(C)[C@@H](COC(=O)c2ccccc2)O[C@@H](n2cnc3c(NCc4ccc(F)cc4)ncnc32)[C@]1(C)F,32.0
CHEMBL1222555,CC(=O)O[C@@]1(C)[C@@H](COC(=O)c2ccccc2)O[C@@H](n2cnc3c(O)ncnc32)[C@]1(C)F,33.0
CHEMBL1222556,CCOc1ncnc2c1ncn2[C@@H]1O[C@H](COC(=O)c2ccccc2)[C@](C)(OC(C)=O)[C@@]1(C)F,48.0
CHEMBL1222557,CC(=O)O[C@@]1(C)[C@@H](COC(=O)c2ccccc2)O[C@@H](n2cnc3c(NC4CC4)ncnc32)[C@]1(C)F,50.0
CHEMBL1222696,CC(=O)O[C@@]1(C)[C@@H](COC(=O)c2ccccc2)O[C@@H](n2cnc3c(N4CCN(C)CC4)ncnc32)[C@]1(C)F,100.0
CHEMBL1222698,CC(=O)O[C@]1(C)[C@@H](COC(=O)c2ccccc2)O[C@@H](n2cnc3c(Cl)ncnc32)[C@]1(C)F,100.0
CHEMBL1222699,C[C@@]1(O)[C@@H](CO)O[C@@H](n2cnc3c(N)ncnc32)[C@]1(C)F,100.0
CHEMBL566,O=c1cc[nH]c(=O)[nH]1,25.0
CHEMBL993,Cc1c[nH]c(=O)[nH]c1=O,100.0
CHEMBL185,O=c1[nH]cc(F)c(=O)[nH]1,26.0
CHEMBL1222779,O=C(Nc1ccnc(=O)[nH]1)c1ccccc1,18.0
CHEMBL1275696,NCC1(CO)C2CC3CC(C2)CC1C3,340.0
CHEMBL1275695,NC1(CO)C2CC3CC(C2)CC1C3,1460.0
CHEMBL1275770,NC1CC2CC3CC(C2)C1C3,1500.0
CHEMBL1275694,NCCC1(O)C2CC3CC(C2)CC1C3,6240.0
CHEMBL1275697,NCCC1(O)CC2CC3CC(C2)C1C3,7680.0
CHEMBL1275698,NCCC12CC3CC(CC(C3)C1O)C2,8600.0
CHEMBL1629868,Nc1ccccc1C(=O)n1c(-c2ccc(S(=O)(=O)O)cc2)nc2ccccc21,4.0
CHEMBL1630307,O=C(c1ccccc1)n1c(-c2ccc(S(=O)(=O)O)cc2)nc2ccccc21,100.0
CHEMBL1630308,Nc1ccc(C(=O)n2c(-c3ccc(S(=O)(=O)O)cc3)nc3ccccc32)cc1,4.0
CHEMBL1630309,O=C(c1ccccc1Cl)n1c(-c2ccc(S(=O)(=O)O)cc2)nc2ccccc21,100.0
CHEMBL1630310,O=C(c1ccc(Cl)cc1)n1c(-c2ccc(S(=O)(=O)O)cc2)nc2ccccc21,100.0
CHEMBL1630311,O=C(c1cccc(O)c1)n1c(-c2ccc(S(=O)(=O)O)cc2)nc2ccccc21,20.0
CHEMBL1630312,O=C(c1ccc(O)cc1O)n1c(-c2ccc(S(=O)(=O)O)cc2)nc2ccccc21,4.0
CHEMBL1630313,COc1ccc(C(=O)n2c(-c3ccc(S(=O)(=O)O)cc3)nc3ccccc32)cc1,100.0
CHEMBL1630314,O=C(c1ccc([N+](=O)[O-])cc1)n1c(-c2ccc(S(=O)(=O)O)cc2)nc2ccccc21,100.0
CHEMBL1629867,Cc1ccccc1C(=O)n1c(-c2ccc(S(=O)(=O)O)cc2)nc2ccccc21,100.0
CHEMBL1630315,Cc1ccc(C(=O)n2c(-c3ccc(S(=O)(=O)O)cc3)nc3ccccc32)cc1,100.0
CHEMBL1630316,C/C=C/C(=O)n1c(-c2ccc(S(=O)(=O)O)cc2)nc2ccccc21,100.0
CHEMBL1630305,C=CC(=O)n1c(-c2ccc(S(=O)(=O)O)cc2)nc2ccccc21,0.8
CHEMBL1630306,C=C(C)C(=O)n1c(-c2ccc(S(=O)(=O)O)cc2)nc2ccccc21,100.0
CHEMBL1630317,O=C(c1cccnc1)n1c(-c2ccc(S(=O)(=O)O)cc2)nc2ccccc21,100.0
CHEMBL1630318,O=C(c1ccccc1O)n1c(-c2ccc(S(=O)(=O)O)cc2)nc2ccccc21,20.0
CHEMBL1630319,CCCCC(=O)n1c(-c2ccc(S(=O)(=O)O)cc2)nc2ccccc21,100.0
CHEMBL1630320,CCCCCCCC/C=C/CCCCCCCC(=O)n1c(-c2ccc(S(=O)(=O)O)cc2)nc2ccccc21,100.0
CHEMBL1629719,CCCCCCCCCCCCCCCC(=O)n1c(-c2ccc(S(=O)(=O)O)cc2)nc2ccccc21,100.0
CHEMBL1630321,Cc1ccc(S(=O)(=O)n2c(-c3ccc(S(=O)(=O)O)cc3)nc3ccccc32)cc1,100.0
CHEMBL1258950,CC(C)OC(=O)[C@H](C)NP(=O)(OC[C@H]1O[C@@H](n2ccc(=O)[nH]c2=O)[C@](C)(F)[C@@H]1O)Oc1ccccc1,100000.0
CHEMBL83661,Cc1ccsc1C(c1ccccc1Br)N1CCN(c2ncnc3c2cnn3-c2ccccc2)CC1,5980.0
CHEMBL1688542,CSCC[C@H](NC(=O)[C@@H](NC(=O)[C@@H](NC(=O)[C@H](CCCCN)NC(=O)[C@H](C)N)C(C)C)[C@@H](C)O)C(=O)N[C@H](C(=O)N[C@@H](CS)C(=O)N[C@@H](CO)C(=O)N[C@@H](C)C(=O)N[C@@H](CO)C(=O)O)[C@@H](C)O,2686.0
CHEMBL1814556,Nc1ncnc2c1ncn2CCOCP(=O)(O)OCCCCCCCCCCO,233000.0
CHEMBL1814557,Nc1ncnc2c1ncn2CCOCP(=O)(O)OCCCCCCCCC(O)CO,224000.0
CHEMBL1814558,Nc1ncnc2c1ncn2CCOCP(=O)(OCCCCCCCCCCO)OCCCCCCCCCCO,171000.0
CHEMBL1814559,Nc1ncnc2c1ncn2CCOCP(=O)(OCCCCCCCCC(O)CO)OCCCCCCCCC(O)CO,324000.0
CHEMBL1814560,Nc1ncnc2c1ncn2CCOCP(=O)(O)OCCOCCCCCCCCCCO,42000.0
CHEMBL1814561,Nc1ncnc2c1ncn2CCOCP(=O)(O)OCCOCCCCCCCCC(O)CO,204000.0
CHEMBL1814562,Nc1ncnc2c1ncn2CCOCP(=O)(OCCOCCCCCCCCCCO)OCCOCCCCCCCCCCO,5900.0
CHEMBL1814563,Nc1ncnc2c1ncn2CCOCP(=O)(OCCOCCCCCCCCC(O)CO)OCCOCCCCCCCCC(O)CO,142000.0
CHEMBL1814564,Nc1ncnc2c1ncn2CCOCP(=O)(O)OCCOCCOCCOCCOCCOCCO,186000.0
CHEMBL1814565,CCOCCOCCOCCOCCOCCOCCOP(=O)(O)COCCn1cnc2c(N)ncnc21,177000.0
CHEMBL1814566,Nc1ncnc2c1ncn2CCOCP(=O)(OCCOCCOCCOCCOCCOCCO)OCCOCCOCCOCCOCCOCCO,125000.0
CHEMBL1814567,CCOCCOCCOCCOCCOCCOCCOP(=O)(COCCn1cnc2c(N)ncnc21)OCCOCCOCCOCCOCCOCCOCC,117000.0
CHEMBL1814568,Cc1oc(=O)oc1COP(=O)(O)COCCn1cnc2c(N)ncnc21,259000.0
CHEMBL1814569,Nc1ccn(C[C@@H](CO)OCP(=O)(O)OCCOCCOCCOCCOCCOCCO)c(=O)n1,184000.0
CHEMBL1814570,CCOCCOCCOCCOCCOCCOCCOP(=O)(O)CO[C@H](CO)Cn1ccc(N)nc1=O,175000.0
CHEMBL1813526,CCOC(=O)C1=C[C@H](NC(=N)N)[C@@H](NC(C)=O)[C@H]([C@H](O)[C@H](O)CO)O1.O=C(O)C(F)(F)F,106.0
CHEMBL1813528,CC(=O)N[C@@H]1[C@@H](NC(=N)N)C=C(C(=O)OCCCOC(=O)c2ccc3ccccc3c2O)O[C@H]1[C@H](O)[C@H](O)CO,48.0
CHEMBL81717,CCC(CC)O[C@@H]1C=C(C(=O)O)C[C@H](NC(=N)N)[C@H]1NC(C)=O,8.0
CHEMBL1813529,CCOC(=O)C1=C[C@@H](OC(CC)CC)[C@H](NC(C)=O)[C@@H](NC(=N)N)C1.O=C(O)C(F)(F)F,1170.0
CHEMBL1813530,CCC(CC)O[C@@H]1C=C(C(=O)OCCCOC(=O)c2ccc3ccccc3c2O)C[C@H](NC(=N)N)[C@H]1NC(C)=O,1465.0
CHEMBL229299,O=C(O)c1ccc2ccccc2c1O,1000000.0
CHEMBL2011756,CC1(C)C[C@H](O)C[C@](C)(CNc2n[nH]c3ccccc23)C1,6900.0
CHEMBL2011757,CC1(C)C[C@H](O)C[C@](C)(CNc2ncc3ccccc3n2)C1,8500.0
CHEMBL2011758,CC1(C)C[C@H](O)C[C@](C)(CNc2nc3ccccc3s2)C1,2120.0
CHEMBL2011759,CC1(C)C[C@H](O)C[C@](C)(CNc2nc3ccc(F)cc3s2)C1,2500.0
CHEMBL2011760,CC1(C)C[C@H](O)C[C@](C)(CNc2nc3ccc(Cl)cc3s2)C1,50000.0
CHEMBL2011761,CC1(C)C[C@H](O)C[C@](C)(CNc2ccccn2)C1,4430.0
CHEMBL2011762,CC1(C)C[C@H](O)C[C@](C)(CNc2ccc(C(F)(F)F)cn2)C1,3390.0
CHEMBL2011763,CC1(C)C[C@H](O)C[C@](C)(CNc2cccc(C(F)(F)F)n2)C1,220.0
CHEMBL2011764,CC1(C)C[C@H](O)C[C@](C)(CNc2ccccc2)C1,430.0
CHEMBL2011765,CC1(C)C[C@H](O)C[C@](C)(CNc2ccccc2Cl)C1,520.0
CHEMBL2011766,CC1(C)C[C@H](O)C[C@](C)(CNc2cccc(Cl)c2)C1,57.0
CHEMBL2011767,CC1(C)C[C@H](O)C[C@](C)(CNc2ccc(Cl)cc2)C1,440.0
CHEMBL2011768,CC1(C)C[C@H](O)C[C@](C)(CNc2ccccc2C(F)(F)F)C1,150.0
CHEMBL2011769,CC1(C)C[C@H](O)C[C@](C)(CNc2cccc(C(F)(F)F)c2)C1,42.0
CHEMBL2011770,CC1(C)C[C@H](O)C[C@](C)(CNc2cc(Cl)cc(C(F)(F)F)c2)C1,44.0
CHEMBL2011771,CC1(C)C[C@H](O)C[C@](C)(CNc2cc(F)cc(Cl)c2)C1,15.0
CHEMBL2011772,CC1(C)C[C@H](O)C[C@](C)(CNc2ccc(Cl)c(C(F)(F)F)c2)C1,18.0
CHEMBL2011773,CC1(C)C[C@H](O)C[C@](C)(CNc2cccc(C#N)c2)C1,250.0
CHEMBL2011774,CC1(C)C[C@H](O)C[C@](C)(CNc2cccc(Oc3ccccc3)c2)C1,100000.0
CHEMBL2011775,CC1(C)C[C@H](O)C[C@](C)(CNc2cccc(C(N)=O)c2)C1,37900.0
CHEMBL2011776,CC1(C)C[C@H](O)C[C@](C)(CNc2cccc(S(C)(=O)=O)c2)C1,930.0
CHEMBL2011777,CC1(C)C[C@H](O)C[C@](C)(CNc2cccc(S(N)(=O)=O)c2)C1,210.0
CHEMBL2011778,CC1(C)C[C@H](O)C[C@](C)(CNc2cc(F)cc(S(N)(=O)=O)c2)C1,89.0
CHEMBL2011779,CC1(C)C[C@H](O)C[C@](C)(CNc2cc(Cl)cc(S(N)(=O)=O)c2)C1,44.0
CHEMBL2011780,CC1(C)C[C@H](O)C[C@](C)(CNc2cc(C(F)(F)F)cc(S(N)(=O)=O)c2)C1,1360.0
CHEMBL2011781,Cc1ccc(NC[C@@]2(C)C[C@@H](O)CC(C)(C)C2)cc1S(N)(=O)=O,560.0
CHEMBL2011782,COc1ccc(NC[C@@]2(C)C[C@@H](O)CC(C)(C)C2)cc1S(N)(=O)=O,2620.0
CHEMBL2011783,CC1(C)C[C@H](O)C[C@](C)(CNc2ccc(Cl)c(S(N)(=O)=O)c2)C1,86.0
CHEMBL2016757,N#C[C@@]1(c2ccc3c(N)ncnn23)O[C@H](CO)[C@@H](O)[C@H]1O,27900.0
CHEMBL2016758,C[C@@]1(c2ccc3c(N)ncnn23)O[C@H](CO)[C@@H](O)[C@H]1O,30000.0
CHEMBL2016759,C=C[C@@]1(c2ccc3c(N)ncnn23)O[C@H](CO)[C@@H](O)[C@H]1O,30000.0
CHEMBL2016760,C#C[C@@]1(c2ccc3c(N)ncnn23)O[C@H](CO)[C@@H](O)[C@H]1O,30000.0
CHEMBL2023442,CCOC(=O)c1c(C)nc(NCCCCNc2ccnc3cc(Cl)ccc23)nc1-c1ccccc1,160.0
CHEMBL2023606,Cc1nc(NCCCNc2ccnc3cc(Cl)ccc23)nc(-c2cccc([N+](=O)[O-])c2)c1C(=O)OC(C)C,160.0
CHEMBL2023440,CCOC(=O)c1c(C)nc(NCCNc2ccnc3cc(Cl)ccc23)nc1-c1ccccc1,160.0
CHEMBL2023604,CCOC(=O)c1c(C)nc(NCCCNc2ccnc3cc(Cl)ccc23)nc1C,4000.0
CHEMBL2023441,CCOC(=O)c1c(C)nc(NCCCNc2ccnc3cc(Cl)ccc23)nc1-c1ccccc1,160.0
CHEMBL2023605,CCOC(=O)c1c(C)nc(NCCCCNc2ccnc3cc(Cl)ccc23)nc1C,800.0
CHEMBL2023608,Cc1nc(NCCNc2ccnc3cc(Cl)ccc23)nc(-c2ccccc2[N+](=O)[O-])c1C(=O)OC(C)C,800.0
CHEMBL2023610,Cc1nc(NCCCCNc2ccnc3cc(Cl)ccc23)nc(-c2ccccc2[N+](=O)[O-])c1C(=O)OC(C)C,800.0
CHEMBL2022038,Nc1nc2c(sc3ncn([C@H]4C[C@H](O)[C@@H](CO)O4)c32)c(=O)[nH]1,160.0
CHEMBL2022039,Nc1ncnc2c1sc1ncn([C@H]3C[C@H](O)[C@@H](CO)O3)c12,4000.0
CHEMBL2059155,Nc1ncc(Br)c2c1ncn2[C@@H]1C=C(CO)[C@@H](O)[C@H]1O,94.0
CHEMBL2059156,Nc1ncc(Br)c2c1ncn2[C@@H]1C[C@H](CO)[C@@H](O)[C@H]1O,290000.0
CHEMBL2151338,COC(=O)[C@H]1NC(=O)[C@H]2NC(=O)[C@H](NC(=O)[C@@H]3NC(=O)[C@H]4NC(=O)[C@H](NC(=O)[C@H](n5cc6ccccc6c5S[C@@H]5O[C@H](COC(C)=O)[C@@H](OC(C)=O)[C@H](OC(C)=O)[C@H]5OC(C)=O)c5ccc(O)c(c5)Oc5cc4cc(O)c5C)[C@H](O)c4ccc(cc4)Oc4cc3cc(c4O)Oc3ccc(cc3)[C@H]2O)c2ccc(O)c(c2)-c2c(O)cc(O)cc21,72.0
CHEMBL2151339,COC(=O)[C@H]1NC(=O)[C@H]2NC(=O)[C@H](NC(=O)[C@@H]3NC(=O)[C@H]4NC(=O)[C@H](NC(=O)[C@H](n5cc6ccccc6c5S[C@@H]5O[C@H](CO)[C@@H](O)[C@H](O)[C@H]5O)c5ccc(O)c(c5)Oc5cc4cc(O)c5C)[C@H](O)c4ccc(cc4)Oc4cc3cc(c4O)Oc3ccc(cc3)[C@H]2O)c2ccc(O)c(c2)-c2c(O)cc(O)cc21,2300.0
CHEMBL2151340,COC(=O)[C@H]1NC(=O)[C@H]2NC(=O)[C@H](NC(=O)[C@@H]3NC(=O)[C@H]4NC(=O)[C@H](NC(=O)[C@H](n5cc6ccccc6c5S[C@@H]5O[C@H](COC(C)=O)[C@@H](OC(C)=O)[C@H](OC(C)=O)[C@H]5NC(C)=O)c5ccc(O)c(c5)Oc5cc4cc(O)c5C)[C@H](O)c4ccc(cc4)Oc4cc3cc(c4O)Oc3ccc(cc3)[C@H]2O)c2ccc(O)c(c2)-c2c(O)cc(O)cc21,1800.0
CHEMBL2151341,COC(=O)[C@H]1NC(=O)[C@H]2NC(=O)[C@H](NC(=O)[C@@H]3NC(=O)[C@H]4NC(=O)[C@H](NC(=O)[C@H](n5cc6ccccc6c5Sc5ccccc5)c5ccc(O)c(c5)Oc5cc4cc(O)c5C)[C@H](O)c4ccc(cc4)Oc4cc3cc(c4O)Oc3ccc(cc3)[C@H]2O)c2ccc(O)c(c2)-c2c(O)cc(O)cc21,680.0
CHEMBL2151342,COC(=O)[C@H]1NC(=O)[C@H]2NC(=O)[C@H](NC(=O)[C@@H]3NC(=O)[C@H]4NC(=O)[C@H](NC(=O)[C@H](n5cc6ccccc6c5Sc5nc6ccccc6s5)c5ccc(O)c(c5)Oc5cc4cc(O)c5C)[C@H](O)c4ccc(cc4)Oc4cc3cc(c4O)Oc3ccc(cc3)[C@H]2O)c2ccc(O)c(c2)-c2c(O)cc(O)cc21,4000.0
CHEMBL2151343,COC(=O)[C@H]1NC(=O)[C@H]2NC(=O)[C@H](NC(=O)[C@@H]3NC(=O)[C@H]4NC(=O)[C@H](NC(=O)[C@H](n5cc6ccccc6c5Sc5ncccn5)c5ccc(O)c(c5)Oc5cc4cc(O)c5C)[C@H](O)c4ccc(cc4)Oc4cc3cc(c4O)Oc3ccc(cc3)[C@H]2O)c2ccc(O)c(c2)-c2c(O)cc(O)cc21,1800.0
CHEMBL2151344,COC(=O)[C@H]1NC(=O)[C@H]2NC(=O)[C@H](NC(=O)[C@@H]3NC(=O)[C@H]4NC(=O)[C@H](NC(=O)[C@H](n5cc6cc7ccccc7cc6c5Sc5ccccc5)c5ccc(O)c(c5)Oc5cc4cc(O)c5C)[C@H](O)c4ccc(cc4)Oc4cc3cc(c4O)Oc3ccc(cc3)[C@H]2O)c2ccc(O)c(c2)-c2c(O)cc(O)cc21,100000.0
CHEMBL2151345,COC(=O)[C@H]1NC(=O)[C@H]2NC(=O)[C@H](NC(=O)[C@@H]3NC(=O)[C@H]4NC(=O)[C@H](NC(=O)[C@H](n5cc6cc7ccccc7cc6c5Sc5ncccn5)c5ccc(O)c(c5)Oc5cc4cc(O)c5C)[C@H](O)c4ccc(cc4)Oc4cc3cc(c4O)Oc3ccc(cc3)[C@H]2O)c2ccc(O)c(c2)-c2c(O)cc(O)cc21,360.0
CHEMBL2151346,COC(=O)[C@H]1NC(=O)[C@H]2NC(=O)[C@H](NC(=O)[C@@H]3NC(=O)[C@H]4NC(=O)[C@H](NC(=O)[C@H](N)c5ccc(O)c(c5)Oc5cc4cc(O)c5C)[C@H](O)c4ccc(cc4)Oc4cc3cc(c4O)Oc3ccc(cc3)[C@H]2O)c2ccc(O)c(c2)-c2c(O)cc(O)cc21,6800.0
CHEMBL2206456,CCC(CC)O[C@@H]1C=C(P(=O)(O)O)C[C@H](N)[C@H]1NC(C)=O,7400.0
CHEMBL2206459,CCC(CC)O[C@@H]1C=C(P(=O)(O)O)C[C@H](NC(=N)N)[C@H]1NC(C)=O,4600.0
CHEMBL2206458,CCOP(=O)(O)C1=C[C@@H](OC(CC)CC)[C@H](NC(C)=O)[C@@H](N)C1,490.0
CHEMBL2203566,CCC1(CC)C2CC3CC(C2)CC1(NC)C3,100000.0
CHEMBL2203582,CCC1(CC)C2CC3CC(C2)CC1(N(C)C)C3,100000.0
CHEMBL2203571,CCC1(CC)C2CC3CC(C2)CC1(N)C3,100000.0
CHEMBL2203569,CC(C)C1C2CC3CC(C2)CC1(N(C)C)C3,100000.0
CHEMBL2203568,CN(C)C12CC3(C)CC(CC3(C)C1)C2(C)C,100000.0
CHEMBL2203567,CCCC1(CCC)C2CC3CC(C2)CC1(N(C)C)C3,100000.0
CHEMBL2203581,CNC12CC3CC(CC(C3)C1(C)C)C2,100000.0
CHEMBL2203580,CN(Cc1ccccc1)C12CC3CC(CC(C3)C1(C)C)C2,100000.0
CHEMBL2203579,CC1(C)C2CC3CC(C2)CC1(N1CCCCC1)C3,100000.0
CHEMBL2203578,CC1(C)C2CC3CC(C2)CC1(NCc1ccccc1)C3,100000.0
CHEMBL2203577,CCNC12CC3CC(CC(C3)C1(C)C)C2,100000.0
CHEMBL2203576,CN(C)C12CC3CC(CC(C3)C1(C)C)C2,100000.0
CHEMBL2203575,CC12CC3CC1(C)CC(N)(C2)C3(C)C,100000.0
CHEMBL2203574,NC12CC3CC(CC(C3)C13CCCCC3)C2,100000.0
CHEMBL2203573,CC(C)C1C2CC3CC(C2)CC1(N)C3,100000.0
CHEMBL2203572,CCCC1(CCC)C2CC3CC(C2)CC1(N)C3,100000.0
CHEMBL2203570,CC1(C)C2CC3CC(C2)CC1(N)C3,100000.0
CHEMBL2205838,CC(=O)N[C@@H]1[C@@H](NC(=N)N)C=C(C(=O)O)O[C@H]1[C@H](OC(=O)NCCCOC(=O)/C=C/c1ccc2c(c1)OCO2)[C@H](O)CO,66.0
CHEMBL2205840,CC(=O)N[C@@H]1[C@@H](NC(=N)N)C=C(C(=O)O)O[C@H]1[C@H](OC(=O)NCCCOC(=O)c1ccc2ccccc2c1O)[C@H](O)CO,50.0
CHEMBL2205843,CC(=O)N[C@@H]1[C@@H](NC(=N)N)C=C(C(=O)O)O[C@H]1[C@H](OC(=O)NCCCNC(=O)/C=C/c1ccc(O)c(O)c1)[C@H](O)CO,5.1
CHEMBL2205839,CC(=O)N[C@@H]1[C@@H](NC(=N)N)C=C(C(=O)O)O[C@H]1[C@H](OC(=O)NCCCOC(=O)c1cc(N)ccc1O)[C@H](O)CO,3.3
CHEMBL2205842,CC(=O)N[C@@H]1[C@@H](NC(=N)N)C=C(C(=O)O)O[C@H]1[C@H](OC(=O)NCCCO)[C@H](O)CO,105.0
CHEMBL2205837,CC(=O)N[C@@H]1[C@@H](NC(=N)N)C=C(C(=O)O)O[C@H]1[C@H](OC(=O)NCCCOC(=O)/C=C/c1ccc(O)c(O)c1)[C@H](O)CO,1.4
CHEMBL704,Nc1ccc(O)c(C(=O)O)c1,100000.0
CHEMBL1173153,O=C(O)/C=C/c1ccc2c(c1)OCO2,100000.0
CHEMBL145,O=C(O)/C=C/c1ccc(O)c(O)c1,100000.0
CHEMBL2205841,CC(=O)N[C@@H]1[C@@H](NC(=N)N)C=C(C(=O)O)O[C@H]1[C@H](OC(=O)NCCCOC(=O)c1ccc(O)c(O)c1)[C@H](O)CO,53.0
CHEMBL2205846,CC(=O)N[C@@H]1[C@@H](NC(=N)N)C=C(C(=O)OCCCOC(=O)/C=C/c2ccc3c(c2)OCO3)O[C@H]1[C@H](O)[C@H](O)CO,28.0
CHEMBL2205845,CC(=O)N[C@@H]1[C@@H](NC(=N)N)C=C(C(=O)OCCCOC(=O)/C=C/c2ccc(O)c(O)c2)O[C@H]1[C@H](O)[C@H](O)CO,25.0
CHEMBL2206409,CC(=O)N[C@@H]1[C@@H](NC(=N)N)C=C(C(=O)OCCCOC(=O)c2cc(N)ccc2O)O[C@H]1[C@H](O)[C@H](O)CO,16.0
CHEMBL2205844,CC(=O)N[C@@H]1[C@@H](NC(=N)N)C=C(C(=O)O)O[C@H]1[C@H](OC(=O)NCCCNC(=O)c1ccc2ccccc2c1O)[C@H](O)CO,6.6
CHEMBL2203331,CC(=O)N[C@H]1[C@H](Sc2c3ccccc3cn2[C@H]2C(=O)N[C@@H]3Cc4ccc(c(Cl)c4)Oc4cc5cc(c4O)Oc4ccc(cc4Cl)[C@@H](O[C@@H]4O[C@H](CO)[C@@H](O)[C@H](O)[C@H]4NC(C)=O)[C@@H]4NC(=O)[C@H](NC(=O)[C@@H]5NC(=O)[C@@H](NC3=O)c3cc(O)cc(c3)Oc3cc2ccc3O)c2ccc(O)c(c2)-c2c(O)cc(O)cc2[C@@H](C(=O)O)NC4=O)O[C@H](COC(C)=O)[C@@H](OC(C)=O)[C@@H]1OC(C)=O,100000.0
CHEMBL2207653,CC(=O)N[C@H]1[C@H](Sc2c3ccccc3cn2[C@H]2C(=O)N[C@@H]3Cc4ccc(c(Cl)c4)Oc4cc5cc(c4O)Oc4ccc(cc4Cl)[C@@H](O[C@@H]4O[C@H](CO)[C@@H](O)[C@H](O)[C@H]4NC(C)=O)[C@@H]4NC(=O)[C@H](NC(=O)[C@@H]5NC(=O)[C@@H](NC3=O)c3cc(O)cc(c3)Oc3cc2ccc3O)c2ccc(O)c(c2)-c2c(O)cc(O)cc2[C@@H](C(=O)O)NC4=O)O[C@H](CO)[C@@H](O)[C@@H]1O,100000.0
CHEMBL2207652,CC(=O)N[C@H]1[C@H](O[C@@H]2c3ccc(c(Cl)c3)Oc3cc4cc(c3O)Oc3ccc(cc3Cl)C[C@H]3NC(=O)[C@H](n5cc6ccccc6c5S[C@@H]5O[C@H](COC(C)=O)[C@@H](OC(C)=O)[C@H](OC(C)=O)[C@H]5OC(C)=O)c5ccc(O)c(c5)Oc5cc(O)cc(c5)[C@H](NC3=O)C(=O)N[C@H]4C(=O)N[C@H]3C(=O)N[C@@H]2C(=O)N[C@H](C(=O)O)c2cc(O)cc(O)c2-c2cc3ccc2O)O[C@H](CO)[C@@H](O)[C@@H]1O,100000.0
CHEMBL2207651,CC(=O)N[C@H]1[C@H](O[C@@H]2c3ccc(c(Cl)c3)Oc3cc4cc(c3O)Oc3ccc(cc3Cl)C[C@H]3NC(=O)[C@H](n5cc6ccccc6c5S[C@@H]5O[C@H](CO)[C@@H](O)[C@H](O)[C@H]5O)c5ccc(O)c(c5)Oc5cc(O)cc(c5)[C@H](NC3=O)C(=O)N[C@H]4C(=O)N[C@H]3C(=O)N[C@@H]2C(=O)N[C@H](C(=O)O)c2cc(O)cc(O)c2-c2cc3ccc2O)O[C@H](CO)[C@@H](O)[C@@H]1O,100000.0
CHEMBL2207650,CC(=O)N[C@H]1[C@H](O[C@@H]2c3ccc(c(Cl)c3)Oc3cc4cc(c3O)Oc3ccc(cc3Cl)C[C@H]3NC(=O)[C@H](n5cc6cc7ccccc7cc6c5Sc5nc6ccccc6s5)c5ccc(O)c(c5)Oc5cc(O)cc(c5)[C@H](NC3=O)C(=O)N[C@H]4C(=O)N[C@H]3C(=O)N[C@@H]2C(=O)N[C@H](C(=O)O)c2cc(O)cc(O)c2-c2cc3ccc2O)O[C@H](CO)[C@@H](O)[C@@H]1O,1600.0
CHEMBL2207649,CC(=O)N[C@H]1[C@H](O[C@@H]2c3ccc(c(Cl)c3)Oc3cc4cc(c3O)Oc3ccc(cc3Cl)C[C@H]3NC(=O)[C@H](n5cc6cc7ccccc7cc6c5Sc5ncccn5)c5ccc(O)c(c5)Oc5cc(O)cc(c5)[C@H](NC3=O)C(=O)N[C@H]4C(=O)N[C@H]3C(=O)N[C@@H]2C(=O)N[C@H](C(=O)O)c2cc(O)cc(O)c2-c2cc3ccc2O)O[C@H](CO)[C@@H](O)[C@@H]1O,540.0
CHEMBL2207648,CC(=O)N[C@H]1[C@H](O[C@@H]2c3ccc(c(Cl)c3)Oc3cc4cc(c3O)Oc3ccc(cc3Cl)C[C@H]3NC(=O)[C@H](n5cc6cc7ccccc7cc6c5Sc5ccccc5)c5ccc(O)c(c5)Oc5cc(O)cc(c5)[C@H](NC3=O)C(=O)N[C@H]4C(=O)N[C@H]3C(=O)N[C@@H]2C(=O)N[C@H](C(=O)O)c2cc(O)cc(O)c2-c2cc3ccc2O)O[C@H](CO)[C@@H](O)[C@@H]1O,100000.0
CHEMBL2207647,CC(=O)N[C@H]1[C@H](O[C@@H]2c3ccc(c(Cl)c3)Oc3cc4cc(c3O)Oc3ccc(cc3Cl)C[C@H]3NC(=O)[C@H](n5cc6ccccc6c5Sc5nc6ccccc6s5)c5ccc(O)c(c5)Oc5cc(O)cc(c5)[C@H](NC3=O)C(=O)N[C@H]4C(=O)N[C@H]3C(=O)N[C@@H]2C(=O)N[C@H](C(=O)O)c2cc(O)cc(O)c2-c2cc3ccc2O)O[C@H](CO)[C@@H](O)[C@@H]1O,100000.0
CHEMBL2207646,CC(=O)N[C@H]1[C@H](O[C@@H]2c3ccc(c(Cl)c3)Oc3cc4cc(c3O)Oc3ccc(cc3Cl)C[C@H]3NC(=O)[C@H](n5cc6ccccc6c5Sc5ncccn5)c5ccc(O)c(c5)Oc5cc(O)cc(c5)[C@H](NC3=O)C(=O)N[C@H]4C(=O)N[C@H]3C(=O)N[C@@H]2C(=O)N[C@H](C(=O)O)c2cc(O)cc(O)c2-c2cc3ccc2O)O[C@H](CO)[C@@H](O)[C@@H]1O,100000.0
CHEMBL2207645,CC(=O)N[C@H]1[C@H](O[C@@H]2c3ccc(c(Cl)c3)Oc3cc4cc(c3O)Oc3ccc(cc3Cl)C[C@H]3NC(=O)[C@H](n5cc6ccccc6c5Sc5ccccc5)c5ccc(O)c(c5)Oc5cc(O)cc(c5)[C@H](NC3=O)C(=O)N[C@H]4C(=O)N[C@H]3C(=O)N[C@@H]2C(=O)N[C@H](C(=O)O)c2cc(O)cc(O)c2-c2cc3ccc2O)O[C@H](CO)[C@@H](O)[C@@H]1O,100000.0
CHEMBL2207644,CC(=O)N[C@H]1[C@H](O[C@@H]2c3ccc(c(Cl)c3)Oc3cc4cc(c3O)Oc3ccc(cc3Cl)C[C@H]3NC(=O)[C@H](N)c5ccc(O)c(c5)Oc5cc(O)cc(c5)[C@H](NC3=O)C(=O)N[C@H]4C(=O)N[C@H]3C(=O)N[C@@H]2C(=O)N[C@H](C(=O)O)c2cc(O)cc(O)c2-c2cc3ccc2O)O[C@H](CO)[C@@H](O)[C@@H]1O,17000.0
CHEMBL2207987,Cc1nc2sccn2c1C(=O)NN1C(=O)C(C)SC12CCC(C)CC2,9000.0
CHEMBL2207986,CC1SC2(CCC(c3ccccc3)CC2)N(NC(=O)C23CC4CC(CC(C4)C2)C3)C1=O,100000.0
CHEMBL2207985,O=C1CSC2(CCC(c3ccccc3)CC2)N1NC(=O)C12CC3CC(CC(C3)C1)C2,100000.0
CHEMBL2207984,CC1SC2(CCC(C(C)(C)C)CC2)N(NC(=O)C23CC4CC(CC(C4)C2)C3)C1=O,100000.0
CHEMBL2207983,CC(C)(C)C1CCC2(CC1)SCC(=O)N2NC(=O)C12CC3CC(CC(C3)C1)C2,34000.0
CHEMBL2207982,CCCC1CCC2(CC1)SC(C)C(=O)N2NC(=O)C12CC3CC(CC(C3)C1)C2,23000.0
CHEMBL2207981,CCCC1CCC2(CC1)SCC(=O)N2NC(=O)C12CC3CC(CC(C3)C1)C2,44000.0
CHEMBL2207980,CCC1CCC2(CC1)SC(C)C(=O)N2NC(=O)C12CC3CC(CC(C3)C1)C2,1700.0
CHEMBL2207979,CCC1CCC2(CC1)SCC(=O)N2NC(=O)C12CC3CC(CC(C3)C1)C2,21000.0
CHEMBL2207978,CC1CCC2(CC1)SC(C)C(=O)N2NC(=O)C12CC3CC(CC(C3)C1)C2,1400.0
CHEMBL2207977,CC1CCC2(CC1)SCC(=O)N2NC(=O)C12CC3CC(CC(C3)C1)C2,100000.0
CHEMBL2207976,CC1SC2(CCCCC2)N(NC(=O)C23CC4CC(CC(C4)C2)C3)C1=O,100000.0
CHEMBL489847,Cc1cc(C)nc(N2C(=O)CSC2c2c(C)cccc2C)c1,249150.0
CHEMBL2296652,CCN(CC)CN1C(=O)/C(=N/NC(=S)Nc2ccc(C)cc2)c2cc(Cl)ccc21,800.0
CHEMBL2296651,CCN(CC)CN1C(=O)/C(=N/NC(=S)Nc2ccc(OC)cc2)c2cc(Cl)ccc21,800.0
CHEMBL2296650,CCN(CC)CN1C(=O)/C(=N/NC(=S)Nc2ccc(Cl)cc2)c2cc(Cl)ccc21,800.0
CHEMBL2296649,CCN(CC)CN1C(=O)/C(=N/NC(=S)Nc2ccccc2)c2cc(Cl)ccc21,800.0
CHEMBL2296648,CCN(CC)CN1C(=O)/C(=N/NC(=S)Nc2ccc(C)cc2)c2ccccc21,160.0
CHEMBL2296647,CCN(CC)CN1C(=O)/C(=N/NC(=S)Nc2ccc(OC)cc2)c2ccccc21,800.0
CHEMBL2296646,CCN(CC)CN1C(=O)/C(=N/NC(=S)Nc2ccc(Cl)cc2)c2ccccc21,160.0
CHEMBL2296654,CCN(CC)CN1C(=O)/C(=N/NC(=S)Nc2ccccc2)c2ccccc21,160.0
CHEMBL2296653,CCN(CC)CN1C(=O)/C(=N/NC(N)=S)c2cc(Cl)ccc21,20000.0
CHEMBL2296655,CCN(CC)CN1C(=O)/C(=N/NC(N)=S)c2ccccc21,20000.0
CHEMBL2312734,Nc1ncc(Cl)c2c1ncn2[C@@H]1C[C@H](O)[C@@H](O)[C@H]1O,4000.0
CHEMBL2312735,Nc1ncc(I)c2c1ncn2[C@@H]1C[C@H](O)[C@@H](O)[C@H]1O,44000.0
CHEMBL2335952,COc1cccc2c1OC1(OC(=O)c3ccccc31)C2=O,40400.0
CHEMBL2335951,Cc1cc(C)c2c(c1C)OC1(OC(=O)c3ccccc31)C2=O,289800.0
CHEMBL2335950,Cc1cc2c(c(C)c1C)C(=O)C1(OC(=O)c3ccccc31)O2,296500.0
CHEMBL2335949,O=C1OC2(Oc3cc4c(cc3C2=O)CCC4)c2ccccc21,80400.0
CHEMBL2335948,Cc1ccc(C)c2c1OC1(OC(=O)c3ccccc31)C2=O,186700.0
CHEMBL2335947,Cc1cc(C)c2c(c1)OC1(OC(=O)c3ccccc31)C2=O,500000.0
CHEMBL2335946,Cc1ccc2c(c1C)OC1(OC(=O)c3ccccc31)C2=O,16300.0
CHEMBL2335945,CCCc1ccc2c(c1)C(=O)C1(OC(=O)c3ccccc31)O2,100300.0
CHEMBL2335944,CCc1ccc2c(c1)C(=O)C1(OC(=O)c3ccccc31)O2,41600.0
CHEMBL2335943,CCc1ccc2c(c1)OC1(OC(=O)c3ccccc31)C2=O,103300.0
CHEMBL2335942,O=C1OC2(Oc3ccc(Cl)cc3C2=O)c2ccccc21,36400.0
CHEMBL2335941,O=C1OC2(Oc3c(Cl)cccc3C2=O)c2ccccc21,92300.0
CHEMBL2335940,O=C1OC2(Oc3ccc(-c4ccccc4)cc3C2=O)c2ccccc21,30300.0
CHEMBL2335939,O=C1OC2(Oc3c(cccc3-c3ccccc3)C2=O)c2ccccc21,29200.0
CHEMBL2335938,Cc1ccc2c(c1)C(=O)C1(OC(=O)c3ccccc31)O2,125300.0
CHEMBL2335937,Cc1ccc2c(c1)OC1(OC(=O)c3ccccc31)C2=O,100100.0
CHEMBL2335936,Cc1cccc2c1OC1(OC(=O)c3ccccc31)C2=O,335300.0
CHEMBL2331601,Cc1cc2c(cc1C)C(=O)C1(OC(=O)c3ccccc31)O2,19100.0
CHEMBL2335935,COc1ccc2c(c1)OC1(OC(=O)c3ccccc31)C2=O,500000.0
CHEMBL2335934,Nc1ccc2c(c1)OC1(OC(=O)c3ccccc31)C2=O,30000.0
CHEMBL2335588,COc1cc2c(cc1OC)C1(OC2=O)Oc2cc(C(C)C)ccc2C1=O,500000.0
CHEMBL2335587,Cc1cc2c(cc1C)C1(OC2=O)Oc2cc(C(C)C)ccc2C1=O,110000.0
CHEMBL2335586,O=C1OC2(Oc3c(Cl)ccc(Cl)c3C2=O)c2ccccc21,17300.0
CHEMBL2335585,O=C1OC2(Oc3cc(F)ccc3C2=O)c2ccccc21,63800.0
CHEMBL2335584,CCOC(=O)c1ccc2c(c1)C(=O)C1(OC(=O)c3ccccc31)O2,500000.0
CHEMBL2335583,O=C1OC2(Oc3cc(Cl)ccc3C2=O)c2ccccc21,500000.0
CHEMBL2335582,O=C1OC2(Oc3cc(-c4ccccc4)ccc3C2=O)c2ccccc21,36300.0
CHEMBL2335581,O=C1OC2(Oc3cc4ccccc4cc3C2=O)c2ccccc21,185700.0
CHEMBL2335580,O=C1OC2(Oc3c(ccc4ccccc34)C2=O)c2ccccc21,8900.0
CHEMBL2335579,CC(C)c1ccc2c(c1)OC1(OC(=O)c3ccccc31)C2=O,129300.0
CHEMBL2335578,O=C1OC2(Oc3ccccc3C2=O)c2ccccc21,500000.0
CHEMBL2385511,Cc1cc(-c2cc(C(=O)O)c3cc(F)ccc3n2)cc(C)c1Oc1ccccc1,71.0
CHEMBL2385510,CC(C)(C)c1ccc(Oc2ccc(-c3cc(C(=O)O)c4cc(F)ccc4n3)cc2)cc1,55.0
CHEMBL2385514,O=C(O)c1cc(-c2ccc(Oc3ccccc3)cc2)nc2ccc(Cl)cc12,1884.0
CHEMBL2385515,O=C(O)c1cc(-c2ccc(Oc3ccccc3)cc2)nc2ccc(F)cc12,1380.0
CHEMBL2385715,CCCOc1ccc(-c2cc(C(=O)O)c3cc(Cl)ccc3n2)cc1,7600.0
CHEMBL38434,Cc1c(-c2ccc(-c3ccccc3F)cc2)nc2ccc(F)cc2c1C(=O)O,460.0
CHEMBL2392462,CC(CNc1ccccc1)/C(=N\c1ccccc1)Nc1ccccc1.Cl,200000.0
CHEMBL2392464,CC(=O)N(CC(C)/C(=N\c1ccccc1)Nc1ccccc1)c1ccccc1.Cl,200000.0
CHEMBL2392463,CC(CN(C(=O)c1ccccc1)c1ccccc1)/C(=N\c1ccccc1)Nc1ccccc1.Cl,200000.0
CHEMBL2392465,CCCC(=O)N(CC(C)/C(=N\c1ccccc1)Nc1ccccc1)c1ccccc1.Cl,98000.0
CHEMBL2392461,CCCCCCCCCCCCCCCCCC(=O)N(CC(C)/C(=N\c1ccccc1)Nc1ccccc1)c1ccccc1.Cl,72000.0
CHEMBL2392460,CCCCCCCCCCCCC(=O)N(CC(C)/C(=N\c1ccccc1)Nc1ccccc1)c1ccccc1.Cl,27800.0
CHEMBL2392459,CCCCCCCCCCC(=O)N(CC(C)/C(=N\c1ccccc1)Nc1ccccc1)c1ccccc1.Cl,7300.0
CHEMBL2392466,CCCCCCCCC(=O)N(CC(C)/C(=N\c1ccccc1)Nc1ccccc1)c1ccccc1.Cl,1980.0
CHEMBL2392125,CCC(CC)C(=O)Nc1cc(NC(=O)/C=C/c2ccc(O)c(O)c2)ccc1OCC(=O)O,31200.0
CHEMBL2392260,CCC(CC)C(=O)Nc1cc(NC(=O)/C=C/c2ccc(O)c(O)c2)ccc1O,22600.0
CHEMBL2392257,CCC(=O)Nc1cc(NC(=O)/C=C/c2ccc(O)c(O)c2)ccc1O,58600.0
CHEMBL2392129,O=C(O)CCNC(=O)/C=C/c1ccc(O)c(O)c1,100000.0
CHEMBL2392128,O=C(/C=C/c1ccc(O)c(O)c1)N[C@@H](Cc1c[nH]c2ccccc12)C(=O)O,100000.0
CHEMBL2017637,COc1ccc(-n2c(SC(C)C(=O)Nc3ccc(C)cc3Cl)nc3ccccc32)cc1,40.0
CHEMBL1412578,CCOC(=O)Cn1c(-c2nonc2NC(=O)c2ccccc2F)nc2ccccc21,100.0
CHEMBL1544917,C#CCn1c(S(=O)(=O)Cc2ccc(F)cc2)nc(-c2ccccc2)c1-c1ccccc1,500.0
CHEMBL2408455,O=S(=O)(Cc1ccccc1)c1nc(-c2ccccc2)c(-c2ccccc2)[nH]1,10000.0
CHEMBL2408456,Cn1c(S(=O)(=O)Cc2ccccc2)nc(-c2ccccc2)c1-c1ccccc1,300.0
CHEMBL2408457,Cn1c(S(=O)(=O)Cc2ccc(F)cc2)nc(-c2ccc(F)cc2)c1-c1ccc(F)cc1,10000.0
CHEMBL2408458,CCn1c(S(=O)(=O)Cc2ccccc2)nc(-c2ccccc2)c1-c1ccccc1,2000.0
CHEMBL2408459,O=S(=O)(Cc1ccccc1)c1nc(-c2ccccc2)c(-c2ccccc2)n1Cc1ccccc1,10000.0
CHEMBL2408460,C=CCn1c(S(=O)(=O)Cc2ccc(F)cc2)nc(-c2ccccc2)c1-c1ccccc1,4200.0
CHEMBL2408461,Cn1c(S(=O)(=O)Cc2ccncc2)nc(-c2ccccc2)c1-c1ccccc1,10000.0
CHEMBL2408462,Cn1c(S(=O)(=O)Cc2cccnc2)nc(-c2ccccc2)c1-c1ccccc1,10000.0
CHEMBL2408463,Cn1c(S(=O)(=O)Cc2ccc(F)cc2)nc(-c2ccc(F)cc2)c1-c1ccncc1,10000.0
CHEMBL2408464,Cn1c(S(=O)(=O)Cc2ccc(F)cc2)nc(-c2ccc(F)cc2)c1-c1cccnc1,10000.0
CHEMBL2408436,Cn1c(S(=O)(=O)C(F)(F)c2ccccc2)nc(-c2ccccc2)c1-c1ccccc1,10000.0
CHEMBL2408437,Cn1c(S(=O)(=O)C(F)(F)c2ccc(F)cc2)nc(-c2ccc(F)cc2)c1-c1ccc(F)cc1,10000.0
CHEMBL2408438,Cn1c(S(=O)(=O)Nc2ccccc2)nc(-c2ccccc2)c1-c1ccccc1,10000.0
CHEMBL2408439,Cn1c(C(=O)Nc2ccccc2F)nc(-c2ccccc2)c1-c1ccccc1,10000.0
CHEMBL2408440,Cn1c(C(=O)Nc2ccccc2[N+](=O)[O-])nc(-c2ccccc2)c1-c1ccccc1,6000.0
CHEMBL2408441,Cn1c(C(=O)Cc2ccccc2)nc(-c2ccccc2)c1-c1ccccc1,10000.0
CHEMBL2408442,Cn1c(C(O)Cc2ccccc2)nc(-c2ccccc2)c1-c1ccccc1,10000.0
CHEMBL2408443,Cn1c(CCc2ccccc2)nc(-c2ccccc2)c1-c1ccccc1,10000.0
CHEMBL2408444,CN(Cc1nc(-c2ccccc2)c(-c2ccccc2)n1C)c1ccccc1,880.0
CHEMBL2408445,CN(Cc1nc(-c2ccccc2)c(-c2ccccc2)n1C)c1ccc(O)cc1,10000.0
CHEMBL2408446,CN(Cc1nc(-c2ccccc2)c(-c2ccccc2)n1C)c1ccccc1C(=O)O,3000.0
CHEMBL2408447,CN(Cc1nc(-c2ccccc2)c(-c2ccccc2)n1C)c1ccccn1,10000.0
CHEMBL2408448,Cn1c(CN(Cc2ccccc2)c2ccccc2)nc(-c2ccccc2)c1-c1ccccc1,10000.0
CHEMBL2408449,CCN(Cc1nc(-c2ccccc2)c(-c2ccccc2)n1C)c1ccccc1,10000.0
CHEMBL2408466,O=C(Nc1nonc1-c1nc2ccccc2[nH]1)c1ccccc1F,10000.0
CHEMBL2408467,Nc1ccc(C(=O)Cn2c(-c3nonc3NC(=O)c3ccccc3F)nc3ccccc32)cc1,700.0
CHEMBL2408450,CCOC(=O)Cn1c(-c2ncsc2NC(=O)c2c(F)cccc2F)nc2ccccc21,10000.0
CHEMBL2408451,CC(C)n1c(-c2csc(NC(=O)c3c(F)cccc3F)n2)nc2ccccc21,4000.0
CHEMBL2408452,O=C(O)Cn1c(-c2csc(NC(=O)c3c(F)cccc3F)n2)nc2ccccc21,10000.0
CHEMBL2408453,Cn1cc(NC(=O)c2ccccc2F)c(-c2nc3ccccc3[nH]2)n1,10000.0
CHEMBL2408454,Nc1ccc(C(=O)Cn2c(-c3nccnc3NC(=O)c3ccccc3)nc3ccccc32)cc1,10000.0
CHEMBL2408465,Cn1c(SCc2ccccc2)nc(-c2ccccc2)c1-c1ccccc1,400.0
CHEMBL2408435,Cn1c(S(=O)(=O)C(F)c2ccc(F)cc2)nc(-c2ccccc2)c1-c1ccccc1,8000.0
CHEMBL2414866,CC(C)(C)C(=O)OCO[C@@H]1[C@@H](COP(=O)(O)O[C@@H]2[C@H](OCOC(=O)C(C)(C)C)[C@@H](COP(=O)(O)O[C@@H]3[C@H](OCOC(=O)C(C)(C)C)[C@@H](COP(=O)(O)OP(=O)(O)OP(=O)(O)O)O[C@H]3n3cnc4ncnc(N)c43)O[C@H]2n2cnc3ncnc(N)c32)O[C@@H](n2cnc3ncnc(N)c32)[C@@H]1O,14600.0
CHEMBL2414868,CCN1CCN(CN2C(=O)SC(N3N=C(c4ccc5ccccc5c4)CC3c3ccc(Cl)cc3)C2=O)CC1,4380.0
CHEMBL2414936,COc1ccc(C2CC(c3ccc4ccccc4c3)=NN2C2SC(=O)N(CN3CCN(Cc4ccccc4)CC3)C2=O)cc1,24760.0
CHEMBL2414932,COc1ccc(NC(=O)CN2C(=O)SC(N3N=C(c4ccc5ccccc5c4)CC3c3ccc(Cl)cc3)C2=O)cc1,179460.0
CHEMBL2414931,Cc1ccc(NC(=O)CN2C(=O)SC(N3N=C(c4ccc5ccccc5c4)CC3c3ccc(Cl)cc3)C2=O)cc1,50960.0
CHEMBL2414930,COc1ccc(C2CC(c3ccc4ccccc4c3)=NN2C2SC(=O)N(CC(=O)Nc3ccc(C)cc3)C2=O)cc1,21780.0
CHEMBL2414876,O=C1NC(=O)C(N2N=C(c3ccc4ccccc4c3)CC2c2ccc(Cl)cc2)S1,5210.0
CHEMBL2414875,COc1ccc(C2CC(c3ccc4ccccc4c3)=NN2C2SC(=O)NC2=O)cc1,7900.0
CHEMBL2418404,CCOC(=O)c1cnc(NCCCCNc2ccnc3cc(Cl)ccc23)nc1C,4000.0
CHEMBL2418403,CCOC(=O)c1c(C)nc(NCCCCNc2ccnc3cc(Cl)ccc23)nc1-c1ccc(F)cc1,4000.0
CHEMBL2418402,CCOC(=O)c1c(C)nc(NCCCCNc2ccnc3cc(Cl)ccc23)nc1-c1ccc(Cl)cc1,800.0
CHEMBL2418401,CCOC(=O)c1c(C)nc(OCCCNc2ccnc3cc(Cl)ccc23)nc1-c1ccccc1,4000.0
CHEMBL2418400,CCOC(=O)c1c(C)nc(NCCCCNc2ccnc3cc(Cl)ccc23)nc1-c1ccccc1[N+](=O)[O-],160.0
CHEMBL2418399,Cc1nc(NCCCCNc2ccnc3cc(Cl)ccc23)nc(-c2ccccc2)c1C(=O)OC(C)C,160.0
CHEMBL2418398,COC(=O)c1c(C)nc(NCCCNc2ccnc3cc(Cl)ccc23)nc1-c1ccccc1,160.0
CHEMBL2420194,Nc1nc(CC(O)c2ccccc2C(F)(F)F)c(Br)c(=O)[nH]1,100000.0
CHEMBL2420193,Nc1nc(CC(O)c2ccc(Cl)cc2)c(Br)c(=O)[nH]1,100000.0
CHEMBL2420192,CC(C)(O)Cc1nc(N)[nH]c(=O)c1Br,100000.0
CHEMBL2420191,Nc1nc(CCc2ccccc2)c(Br)c(=O)[nH]1,100000.0
CHEMBL2420190,CCCCCc1nc(N)[nH]c(=O)c1Br,100000.0
CHEMBL2420189,CCCCc1nc(N)[nH]c(=O)c1Br,100000.0
CHEMBL2420188,CCCc1nc(N)[nH]c(=O)c1Br,100000.0
CHEMBL2420196,COc1ccc(/C=C/c2nc(N)[nH]c(=O)c2Br)cc1OC,20000.0
CHEMBL2420195,Cc1cc(C)c(/C=C/c2nc(N)[nH]c(=O)c2Br)c(C)c1,20000.0
CHEMBL3088169,C1CCC23CC45CNCC4(CC2(C1)C5)C3.O=C(O)C(O)C(O)C(=O)O,100000.0
CHEMBL3088168,CCC12CC34CN(C(=N)N)CC3(C1)CC2(CC)C4.Cl,100000.0
CHEMBL3088167,CCC12CC34CNCC3(C1)CC2(CC)C4.O=C(O)C(O)C(O)C(=O)O,100000.0
CHEMBL3088165,CN1CC23CC4CC2(CC4C3)C1.Cl,100000.0
CHEMBL3088163,CC12CC34CN(C(=N)N)CC3(C1)CC2(C)C4.Cl,100000.0
CHEMBL3088162,CN1CC23CC4(C)CC2(C1)CC4(C)C3.Cl,100000.0
CHEMBL3088161,CC12CC34CNCC3(C1)CC2(C)C4.Cl,100000.0
CHEMBL3088164,C1NCC23CC4CC12CC4C3.Cl,7900.0
CHEMBL3091472,CCC(CC)C(=O)Nc1cc(NC(=O)[C@H](CC(C)C)NC(=O)/C=C/c2ccc(O)c(O)c2)ccc1OCC(=O)O,13500.0
CHEMBL3092330,CCC(CC)C(=O)Nc1cc(NC(=O)[C@@H](NC(=O)/C=C/c2ccc(O)c(O)c2)C(C)C)ccc1OCC(=O)O,22900.0
CHEMBL3092329,CCC(CC)C(=O)Nc1cc(NC(=O)[C@H](C)NC(=O)/C=C/c2ccc(O)c(O)c2)ccc1OCC(=O)O,25400.0
CHEMBL3092328,CCC(CC)C(=O)Nc1cc(NC(=O)CNC(=O)/C=C/c2ccc(O)c(O)c2)ccc1OCC(=O)O,33600.0
CHEMBL3092168,CCC(CC)CN(C(=O)/C=C/c1ccc(O)c(O)c1)c1ccc(OCC(=O)O)c(NC(=O)C(CC)CC)c1,56400.0
CHEMBL3092167,CCC(CC)C(=O)Nc1cc(NC(=O)C(C)C)c(NC(=O)/C=C/c2ccc(O)c(O)c2)cc1OCC(=O)O,14500.0
CHEMBL3092166,CCC(CC)C(=O)Nc1cc(NC(C)=O)c(NC(=O)/C=C/c2ccc(O)c(O)c2)cc1OCC(=O)O,13800.0
CHEMBL3099831,Nc1nc(N)c2ncc([C@@H]3O[C@H](CO)[C@@H](O)[C@H]3F)n2n1,21000.0
CHEMBL3099828,Nc1ncnn2c([C@@H]3O[C@H](CO)[C@@H](O)[C@H]3F)cnc12,900.0
CHEMBL3099829,Nc1nc(F)nn2c([C@@H]3O[C@H](CO)[C@@H](O)[C@H]3F)cnc12,100000.0
CHEMBL3099830,CCOc1nc(N)nn2c([C@@H]3O[C@H](CO)[C@@H](O)[C@H]3F)cnc12,200000.0
CHEMBL3110350,Nc1sc2c(c1C(=O)Nc1ccccn1)CCCCC2,28000.0
CHEMBL3110337,O=C(Nc1sc2c(c1C(=O)Nc1ccccn1)CCCCC2)c1ccc(Cl)cc1,23000.0
CHEMBL3120197,CCC(CC)O[C@@H]1C=C(C(=O)O)C[C@H](NC(C)=N)[C@H]1NC(C)=O,4820.0
CHEMBL3120677,CC(=O)OC[C@H]1O[C@@H](n2c(-c3cccs3)cc(-c3cccs3)c(C#N)c2=O)[C@H](OC(C)=O)[C@@H](OC(C)=O)[C@H]1OC(C)=O,32000.0
CHEMBL3120674,N#Cc1c(-c2ccc(Cl)cc2)cc(-c2ccccn2)[nH]c1=O,2600.0
CHEMBL1306213,N#Cc1c(-c2cccs2)cc(-c2cccs2)nc1O,100000.0
CHEMBL3120589,CC(=O)OC[C@H]1O[C@@H](n2c(-c3cccs3)cc(-c3cccs3)c(C#N)c2=O)[C@H](OC(C)=O)[C@@H](OC(C)=O)[C@@H]1OC(C)=O,100000.0
CHEMBL3120588,CC(=O)OC[C@H]1O[C@@H](n2c(-c3cccs3)cc(-c3ccc(C(C)C)cc3)c(C#N)c2=O)[C@H](OC(C)=O)[C@@H](OC(C)=O)[C@@H]1OC(C)=O,33000.0
CHEMBL3120675,CC(C)c1ccc(-c2cc(-c3cccs3)[nH]c(=O)c2C#N)cc1,32000.0
CHEMBL3120676,CC(=O)OC[C@H]1O[C@@H](n2c(-c3ccccn3)cc(-c3ccc(Cl)cc3)c(C#N)c2=O)[C@H](OC(C)=O)[C@@H](OC(C)=O)[C@@H]1OC(C)=O,24000.0
CHEMBL3217926,O=c1[nH]c(=O)n(C2C=CC(O)C2)cc1-c1cccs1,800.0
CHEMBL3217928,O=c1[nH]c(=O)n(C2C=CC(O)C2)cc1-c1cncs1,20000.0
CHEMBL1170792,NC1C2CC3CC(C2)CC1C3,110000.0
CHEMBL1172027,CC1(N)C2CC3CC(C2)CC1C3,19000.0
CHEMBL1170181,CCC1(N)C2CC3CC(C2)CC1C3,23000.0
CHEMBL1170182,CCCC1(N)C2CC3CC(C2)CC1C3,390000.0
CHEMBL3288283,CCCCC1(N)C2CC3CC(C2)CC1C3,355000.0
CHEMBL3288284,CC(C)CC1(N)C2CC3CC(C2)CC1C3,210000.0
CHEMBL3288285,CCCCCCC1(N)C2CC3CC(C2)CC1C3,13000.0
CHEMBL3288286,NC1(c2ccccc2)C2CC3CC(C2)CC1C3,86000.0
CHEMBL3288287,NC1(Cc2ccccc2)C2CC3CC(C2)CC1C3,280000.0
CHEMBL3288048,NC(=O)c1c(NC(=O)c2cnn3c(C(F)F)cc(-c4ccccc4)nc23)sc2c1CCC2,75500.0
CHEMBL3288049,NC(=O)c1c(NC(=O)c2cnn3c(C(F)(F)F)cc(-c4ccccc4)nc23)sc2c1CCC2,57000.0
CHEMBL3288050,NC(=O)c1c(NC(=O)c2cnn3c(C(F)F)cc(-c4ccccc4)nc23)sc2c1CCCC2,66000.0
CHEMBL3288051,NC(=O)c1c(NC(=O)c2cnn3c(C(F)(F)F)cc(-c4ccccc4)nc23)sc2c1CCCC2,100000.0
CHEMBL3288052,Cc1ccc(-c2cc(C(F)(F)F)n3ncc(C(=O)Nc4sc5c(c4C(N)=O)CCCC5)c3n2)cc1,100700.0
CHEMBL3288054,NC(=O)c1c(NC(=O)c2nc3nc(-c4ccccc4)cc(C(F)(F)F)n3n2)sc2c1CCCC2,23700.0
CHEMBL3288056,CCC(C)NC(=O)c1ccccc1NC(=O)c1ccc(C)c(S(=O)(=O)Nc2cc(C)ccc2C)c1,18700.0
CHEMBL3288058,O=C(Nc1ccccc1Cl)c1ccc2c(c1)C1C3CCC(C3)C1C(c1ccccc1)N2,100000.0
CHEMBL3288059,CCC(C)NC(=O)c1ccccc1NC(=O)c1cccc(S(=O)(=O)Nc2cc(C)ccc2C)c1,35200.0
CHEMBL3288254,CCC(C)NC(=O)c1ccccc1NC(=O)c1cccc(S(=O)(=O)Nc2ccccc2)c1,30500.0
CHEMBL3288255,CCC(C)NC(=O)c1ccccc1NC(=O)c1ccc(C)c(S(=O)(=O)Nc2cccc(NC(=O)c3ccccc3)c2)c1,100000.0
CHEMBL3288256,Cc1ccc(C)c(NS(=O)(=O)c2cc(C(=O)Nc3ccccc3C(=O)Nc3ccccc3)ccc2C)c1,24700.0
CHEMBL3288257,CCC(C)NC(=O)c1ccccc1NC(=O)c1cccc(S(=O)(=O)Nc2ccc(O)cc2)c1,100000.0
CHEMBL3310644,COc1ccc(CO[C@H]2[C@H](OC)[C@@H](OC)[C@@H](OC)O[C@@H]2COCCOCCOCCOCCOCc2cn([C@H]3C(=O)N[C@@H]4Cc5ccc(c(Cl)c5)Oc5cc6cc(c5O)Oc5ccc(cc5Cl)[C@@H](O[C@@H]5O[C@H](CO)[C@@H](O)[C@H](O)[C@H]5NC(C)=O)[C@@H]5NC(=O)[C@H](NC(=O)[C@@H]6NC(=O)[C@@H](NC4=O)c4cc(O)cc(c4)Oc4cc3ccc4O)c3ccc(O)c(c3)-c3c(O)cc(O)cc3[C@H](C(=O)O)NC5=O)nn2)cc1,100000.0
CHEMBL3310645,CCO[C@@H]1[C@@H](OC)[C@@H](OC)O[C@H](COCCOCCOCCOCCOCc2cn([C@H]3C(=O)N[C@@H]4Cc5ccc(c(Cl)c5)Oc5cc6cc(c5O)Oc5ccc(cc5Cl)[C@@H](O[C@@H]5O[C@H](CO)[C@@H](O)[C@H](O)[C@H]5NC(C)=O)[C@@H]5NC(=O)[C@H](NC(=O)[C@@H]6NC(=O)[C@@H](NC4=O)c4cc(O)cc(c4)Oc4cc3ccc4O)c3ccc(O)c(c3)-c3c(O)cc(O)cc3[C@H](C(=O)O)NC5=O)nn2)[C@H]1O,100000.0
CHEMBL3353011,Nc1ncnc2c1ncn2[C@@H]1C[C@@]2(CO)CC[C@@H]1C2,179000.0
CHEMBL3740548,CCOC(=O)c1cn(CC)c2ccc(-n3cc(C4=CCCCC4)nn3)cc2c1=O,200.0
CHEMBL3746432,CCCCNc1cncc(C(=O)NCc2ccccc2)n1,100000.0
CHEMBL3746206,CCCCCNc1cncc(C(=O)NCc2ccccc2)n1,100000.0
CHEMBL3746251,CCCCCCNc1cncc(C(=O)NCc2ccccc2)n1,100000.0
CHEMBL3746439,CCCCCCCNc1cncc(C(=O)NCc2ccccc2)n1,100000.0
CHEMBL3747168,CCCCCCCCNc1cncc(C(=O)NCc2ccccc2)n1,100000.0
CHEMBL3745831,CCCCNc1cnc(C(=O)NCc2ccccc2)cn1,100000.0
CHEMBL3747040,CCCCCNc1cnc(C(=O)NCc2ccccc2)cn1,3300.0
CHEMBL3747723,CCCCCCNc1cnc(C(=O)NCc2ccccc2)cn1,62000.0
CHEMBL3747128,CCCCCCCNc1cnc(C(=O)NCc2ccccc2)cn1,47000.0
CHEMBL3746435,CCCCCCCCNc1cnc(C(=O)NCc2ccccc2)cn1,100000.0
CHEMBL3745766,O=C(NCc1ccccc1)c1nccnc1NCc1ccccc1,100000.0
CHEMBL3746139,CCCCNc1nccnc1C(=O)NCc1ccccc1,100000.0
CHEMBL3747355,CCCCCNc1nccnc1C(=O)NCc1ccccc1,100000.0
CHEMBL3746944,CCCCCCNc1nccnc1C(=O)NCc1ccccc1,100000.0
CHEMBL3746180,CCCCCCCNc1nccnc1C(=O)NCc1ccccc1,100000.0
CHEMBL3745936,CCCCCCCCNc1nccnc1C(=O)NCc1ccccc1,100000.0
CHEMBL3769985,c1csc(-c2cc(NC34CC5CC(CC(C5)C3)C4)no2)c1,353.0
CHEMBL3769773,Oc1ccc(NC23CC4CC(CC(C4)C2)C3)c(O)c1,3200.0
CHEMBL3769457,OC1C2CC3CC1CC(NCc1cc(-c4cccs4)on1)(C3)C2,727.0
CHEMBL3771213,OC12CC3CC(C1)CC(NCc1cc(-c4cccs4)on1)(C3)C2,510.0
CHEMBL3770006,COc1ccsc1-c1cc(CNC23CC4CC(CC(O)(C4)C2)C3)no1,404.0
CHEMBL3771235,OC12CC3CC(O)(C1)CC(NCc1cc(-c4cccs4)on1)(C3)C2,2500.0
CHEMBL3769592,CCN1CCN([C@@H](c2ccccc2)c2ccc(Cl)cc2)CC1,1000.0
CHEMBL3818027,CC(C)(C)C(=O)OCOP(=O)(OCOC(=O)C(C)(C)C)OC[C@H]1O[C@@H](c2ccnc(C(N)=O)c2F)[C@H](O)[C@@H]1O,34700.0
CHEMBL3818231,C[C@H](NP(=O)(OC[C@H]1O[C@@H](c2ccnc(C(N)=O)c2F)[C@H](O)[C@@H]1O)Oc1ccccc1)C(=O)CC1CCCCC1,74100.0
CHEMBL3818891,NC(=O)c1nccc([C@@H]2O[C@H](CO)[C@@H](O)[C@H]2O)c1F,1900.0
CHEMBL3819526,NC(=O)c1nccc([C@@H]2O[C@](F)(CO)[C@@H](O)[C@H]2O)c1F,98000.0
CHEMBL3818254,NC(=O)c1nccc([C@@H]2O[C@H](CO)[C@@H](O)[C@H]2F)c1F,87000.0
CHEMBL3818483,NC(=O)c1nccc([C@@H]2O[C@H](CO)[C@@H](O)[C@H]2O)n1,8700.0
CHEMBL3819152,COc1c(C(N)=O)ccnc1[C@@H]1O[C@H](CO)[C@@H](O)[C@H]1O,88000.0
CHEMBL3818113,Cn1cc([C@@H]2O[C@H](CO)[C@@H](O)[C@H]2O)c(=O)c(C(N)=O)n1,91000.0
CHEMBL3819358,C#Cc1c([C@@H]2O[C@H](CO)[C@@H](O)[C@H]2O)ccnc1C(N)=O,36000.0
CHEMBL3818152,C=Cc1c([C@@H]2O[C@H](CO)[C@@H](O)[C@H]2O)ccnc1C(N)=O,58000.0
CHEMBL3819298,NC(=O)c1nccc([C@@H]2O[C@H](CO)[C@@H](O)[C@H]2O)c1O,1300.0
CHEMBL3819486,NC(=O)c1nc(F)cn([C@@H]2O[C@H](CO)[C@@H](O)[C@H]2O)c1=O,2200.0
CHEMBL3819492,CCC(CC)[C@H](NC(C)=O)[C@@H]1[C@H](O)[C@@H](P(=O)(O)O)C[C@H]1NC(=N)N,260.3
CHEMBL3819450,CCOP(=O)(O)[C@H]1C[C@@H](NC(=N)N)[C@H]([C@@H](NC(C)=O)C(CC)CC)[C@@H]1O,66.5
CHEMBL3819487,CCCCCCOP(=O)(O)[C@H]1C[C@@H](NC(=N)N)[C@H]([C@@H](NC(C)=O)C(CC)CC)[C@@H]1O,18.6
CHEMBL3818436,CCC(CC)[C@H](NC(C)=O)[C@@H]1C=C(P(=O)(O)O)C[C@H]1NC(=N)N,50.3
CHEMBL3819617,CCOP(=O)(O)C1=C[C@@H]([C@@H](NC(C)=O)C(CC)CC)[C@H](NC(=N)N)C1,19.1
CHEMBL3819314,CCCCCCOP(=O)(O)C1=C[C@@H]([C@@H](NC(C)=O)C(CC)CC)[C@H](NC(=N)N)C1,18.5
CHEMBL3817914,CCC(CC)[C@H](NC(C)=O)[C@@H]1C[C@@H](P(=O)(O)O)C[C@H]1NC(=N)N,343.2
CHEMBL3818211,CCOP(=O)(O)[C@H]1C[C@@H](NC(=N)N)[C@H]([C@@H](NC(C)=O)C(CC)CC)C1,88.7
CHEMBL3818553,CCCCCCOP(=O)(O)[C@H]1C[C@@H](NC(=N)N)[C@H]([C@@H](NC(C)=O)C(CC)CC)C1,43.2
CHEMBL4070988,Clc1ccc(-c2cc(CNC34CC5CC(CC(C5)C3)C4)no2)s1,200.0
CHEMBL4066702,CSc1nc(NCCCNc2ccnc3cc(Cl)ccc23)c(C#N)c(-c2ccccc2)n1,4000.0
CHEMBL4088000,CSc1nc(NCCCCNc2ccnc3cc(Cl)ccc23)c(C#N)c(-c2ccccc2)n1,4000.0
CHEMBL4069858,CSc1nc(OCCCNc2ccnc3cc(Cl)ccc23)c(C#N)c(-c2ccccc2)n1,800.0
CHEMBL4097050,CSc1nc(-c2ccccc2)c(C#N)c(N2CCN(c3ccnc4cc(Cl)ccc34)CC2)n1,100000.0
CHEMBL4080544,CSc1nc(NCCCCNc2ccnc3cc(Cl)ccc23)c(C#N)c(-c2cccc([N+](=O)[O-])c2)n1,4000.0
CHEMBL4104770,CSc1nc(NCCCCNc2ccnc3cc(Cl)ccc23)c(C#N)c(-c2ccc([N+](=O)[O-])cc2)n1,800.0
CHEMBL4088409,CSc1nc(-c2ccc([N+](=O)[O-])cc2)c(C#N)c(N2CCN(c3ccnc4cc(Cl)ccc34)CC2)n1,100000.0
CHEMBL4067148,COc1ccc(-c2nc(SC)nc(NCCCCNc3ccnc4cc(Cl)ccc34)c2C#N)cc1,4000.0
CHEMBL4096132,COc1ccc(-c2nc(SC)nc(NCCCCNc3ccnc4cc(Cl)ccc34)c2C#N)cc1OC,4000.0
CHEMBL4078078,COc1cc(-c2nc(SC)nc(NCCCCNc3ccnc4cc(Cl)ccc34)c2C#N)cc(OC)c1OC,800.0
CHEMBL4083981,CSc1nc(NCCCCNc2ccnc3cc(Cl)ccc23)c(C#N)c(-c2ccc(C)cc2)n1,4000.0
CHEMBL4062263,N#Cc1c(NCCCCNc2ccnc3cc(Cl)ccc23)nc(N2CCOCC2)nc1-c1ccccc1,4000.0
CHEMBL76,CCN(CC)CCCC(C)Nc1ccnc2cc(Cl)ccc12,20000.0
CHEMBL4086308,O=C(N/N=C/c1cc(O)c(O)c(O)c1)c1cc(O)c(O)c(O)c1,3100.0
CHEMBL2040562,CC(=O)Nc1cccc(-c2nc(C(=O)O)c(O)c(=O)[nH]2)c1,50000.0
CHEMBL2040563,Cn1cnc(-c2nc(C(=O)O)c(O)c(=O)[nH]2)c1,50000.0
CHEMBL4077296,OC12CC3CC(C1)CC(NCc1cc(C4CC4)on1)(C3)C2,600.0
CHEMBL4080487,C[Si](C)(C)c1ccc(CNC23CC4CC(CC(O)(C4)C2)C3)cc1,600.0
CHEMBL747,CC1(C)N=C(N)N=C(N)N1c1ccc(Cl)cc1,33000.0
CHEMBL6742,CC1(C)N=C(N)N=C(N)N1c1ccccc1,43000.0
CHEMBL7004,Cc1ccc(N2C(N)=NC(N)=NC2(C)C)cc1,48000.0
CHEMBL266573,COc1ccc(N2C(N)=NC(N)=NC2(C)C)cc1,63000.0
CHEMBL7005,CC1(C)N=C(N)N=C(N)N1c1ccc(F)cc1,41000.0
CHEMBL6741,CC1(C)N=C(N)N=C(N)N1c1ccc(Br)cc1,21000.0
CHEMBL549146,CC1(C)N=C(N)N=C(N)N1c1ccc([N+](=O)[O-])cc1,100000.0
CHEMBL326709,CC1(C)N=C(N)N=C(N)N1c1ccc(C(=O)O)cc1,100000.0
CHEMBL6613,CCOC(=O)c1ccc(N2C(N)=NC(N)=NC2(C)C)cc1,100000.0
CHEMBL21979,CC1(C)N=C(N)N=C(N)N1c1ccccc1Cl,100000.0
CHEMBL7130,CC1(C)N=C(N)N=C(N)N1c1cccc(Cl)c1,1100.0
CHEMBL6948,CC1(C)N=C(N)N=C(N)N1c1cccc(C(F)(F)F)c1,1100.0
CHEMBL318133,CC1(C)N=C(N)N=C(N)N1c1ccc(Cl)cc1Cl,100000.0
CHEMBL92583,CC1(C)N=C(N)N=C(N)N1c1ccc(Cl)c(Cl)c1,550.0
CHEMBL582150,CCC1(C)N=C(N)N=C(N)N1c1ccc(Cl)cc1,100000.0
CHEMBL345146,CC(C)C1(C)N=C(N)N=C(N)N1c1ccc(Cl)cc1,45000.0
CHEMBL549103,NC1=NC2(CCCC2)N(c2ccc(Cl)cc2)C(N)=N1,100000.0
CHEMBL574656,NC1=NC2(CCCCC2)N(c2ccc(Cl)cc2)C(N)=N1,100000.0
CHEMBL93484,CC1N=C(N)N=C(N)N1c1ccc(Cl)cc1,100000.0
CHEMBL90703,CCCC1N=C(N)N=C(N)N1c1ccc(Cl)cc1,100000.0
CHEMBL93889,NC1=NC(c2ccccc2)N(c2ccc(Cl)cc2)C(N)=N1,100000.0
CHEMBL533117,CC1(C)N=C(N)N=C(Nc2ccc(Cl)cc2)N1,100000.0
CHEMBL1377,CC(C)NC(=N)NC(=N)Nc1ccc(Cl)cc1,100000.0
CHEMBL840,N=C(N)NC(=N)Nc1ccc(Cl)cc1,100000.0
CHEMBL36,CCc1nc(N)nc(N)c1-c1ccc(Cl)cc1,15000.0
CHEMBL22,COc1cc(Cc2cnc(N)nc2N)cc(OC)c1OC,100000.0
CHEMBL4128362,CC(=O)N[C@@H]1[C@@H](O)[C@@H](F)[C@](F)(C(=O)O)O[C@H]1[C@H](O)[C@H](O)CO,1000.0
CHEMBL4126987,CC(=O)N[C@@H]1C[C@@H](F)[C@](F)(C(=O)O)O[C@H]1[C@H](O)[C@H](O)CO,1000.0
CHEMBL4127125,CC(=O)N[C@H]1[C@H](C[C@H](O)CO)O[C@@](F)(C(=O)O)[C@H](F)[C@@H]1O,100.0
CHEMBL4125754,CC(=O)N[C@@H]1[C@@H](O)[C@@H](F)[C@](F)(C(=O)O)O[C@H]1[C@H](O)CCO,10000.0
CHEMBL4125895,CC(=O)N[C@@H]1[C@@H](O)[C@@H](F)[C@](F)(C(=O)O)O[C@H]1[C@H](O)[C@@H](C)O,10000.0
CHEMBL4127582,C/C(=C\CP(=O)(N[C@@H](C)C(=O)OC(C)C)Oc1cccc2ccccc12)Cn1cc(C)c(=O)[nH]c1=O,100000.0
CHEMBL4126212,C/C(=C\CP(=O)(N[C@@H](C)C(=O)OCc1ccccc1)Oc1cccc2ccccc12)Cn1cc(C)c(=O)[nH]c1=O,100000.0
CHEMBL4128569,C/C(=C\CP(=O)(N[C@@H](C)C(=O)OC(C)C)Oc1ccccc1)Cn1cc(C)c(=O)[nH]c1=O,100000.0
CHEMBL4127182,C/C(=C\CP(=O)(N[C@@H](C)C(=O)OCc1ccccc1)Oc1ccccc1)Cn1cc(C)c(=O)[nH]c1=O,100000.0
CHEMBL4129784,C/C(=C\CP(=O)(N[C@@H](C)C(=O)OC(C)C)Oc1cccc2c1CCCC2)Cn1cc(C)c(=O)[nH]c1=O,100000.0
CHEMBL4128419,C/C(=C\CP(=O)(N[C@@H](C)C(=O)OCc1ccccc1)Oc1cccc2c1CCCC2)Cn1cc(C)c(=O)[nH]c1=O,100000.0
CHEMBL4126084,C/C(=C\CP(=O)(N[C@@H](C)C(=O)OC(C)C)Oc1cccc2ccccc12)Cn1ccc(=O)[nH]c1=O,100000.0
CHEMBL4129391,C/C(=C\CP(=O)(N[C@@H](C)C(=O)OCc1ccccc1)Oc1cccc2ccccc12)Cn1ccc(=O)[nH]c1=O,100000.0
CHEMBL4128997,C/C(=C\CP(=O)(N[C@@H](C)C(=O)OC(C)C)Oc1ccccc1)Cn1ccc(=O)[nH]c1=O,100000.0
CHEMBL4125717,C/C(=C\CP(=O)(N[C@@H](C)C(=O)OCc1ccccc1)Oc1ccccc1)Cn1ccc(=O)[nH]c1=O,100000.0
CHEMBL4127759,C/C(=C\CP(=O)(N[C@@H](C)C(=O)OC(C)C)Oc1cccc2c1CCCC2)Cn1ccc(=O)[nH]c1=O,100000.0
CHEMBL4129158,C/C(=C\CP(=O)(N[C@@H](C)C(=O)OCc1ccccc1)Oc1cccc2c1CCCC2)Cn1ccc(=O)[nH]c1=O,100000.0
CHEMBL4126524,C/C(=C/CP(=O)(N[C@@H](C)C(=O)OC(C)C)Oc1cccc2ccccc12)Cn1cc(C)c(=O)[nH]c1=O,100000.0
CHEMBL4127918,C/C(=C/CP(=O)(N[C@@H](C)C(=O)OC(C)C)Oc1cccc2c1CCCC2)Cn1cc(C)c(=O)[nH]c1=O,100000.0
CHEMBL4129955,C/C(=C/CP(=O)(N[C@@H](C)C(=O)OCc1ccccc1)Oc1cccc2c1CCCC2)Cn1cc(C)c(=O)[nH]c1=O,100000.0
CHEMBL4126683,C/C(=C/CP(=O)(N[C@@H](C)C(=O)OC(C)C)Oc1cccc2c1CCCC2)Cn1ccc(=O)[nH]c1=O,100000.0
CHEMBL4172361,C[C@@H]1[C@@H]2C[C@H](C[C@H]1NCc1ccoc1)C2(C)C,60460.0
CHEMBL4170926,C[C@@H]1[C@@H]2C[C@H](C[C@H]1NCc1ccsc1)C2(C)C,28600.0
CHEMBL4171261,C[C@@H]1[C@@H]2C[C@H](C[C@H]1NCc1cccs1)C2(C)C,6420.0
CHEMBL4162126,Cc1csc(CN[C@@H]2C[C@H]3C[C@@H]([C@H]2C)C3(C)C)n1,75000.0
CHEMBL4175683,CCCCc1ccsc1CN[C@@H]1C[C@H]2C[C@@H]([C@H]1C)C2(C)C,10330.0
CHEMBL4167687,C=Cc1ccsc1CN[C@@H]1C[C@H]2C[C@@H]([C@H]1C)C2(C)C,1820.0
CHEMBL4163615,C[C@@H]1[C@@H]2C[C@H](C[C@H]1NCc1sccc1C1CC1)C2(C)C,300.0
CHEMBL4162304,C[C@@H]1[C@@H]2C[C@H](C[C@H]1NCc1sccc1C1CCCC1)C2(C)C,690.0
CHEMBL4174956,C[C@@H]1[C@@H]2C[C@H](C[C@H]1NCc1cc(Br)cs1)C2(C)C,5160.0
CHEMBL4164309,Cc1csc(CN[C@@H]2C[C@H]3C[C@@H]([C@H]2C)C3(C)C)c1,200.0
CHEMBL4176777,CCCCc1csc(CN[C@@H]2C[C@H]3C[C@@H]([C@H]2C)C3(C)C)c1,460.0
CHEMBL4174562,C[C@@H]1[C@@H]2C[C@H](C[C@H]1NCc1cc(C3CC3)cs1)C2(C)C,6680.0
CHEMBL4159502,CCCCCCCCCCCCCCC(=O)Oc1ccc(COP(=O)(OCc2ccc(OC(=O)CCCC)cc2)OP(=O)(O)OC[C@H]2O[C@@H](n3cc(F)nc(C(N)=O)c3=O)[C@H](O)[C@@H]2O)cc1.CCN(CC)CC,10000.0
CHEMBL4171173,Cc1cccc2c1OP(=O)(OC[C@H]1O[C@@H](n3ccnc(C(N)=O)c3=O)[C@H](O)[C@@H]1O)OC2,280000.0
CHEMBL4163269,CC(=O)O[C@@H]1[C@@H](COP2(=O)OCc3cccc(C)c3O2)O[C@@H](n2ccnc(C(N)=O)c2=O)[C@@H]1OC(C)=O,400000.0
CHEMBL4170117,CCCCCCCCCC(=O)Oc1ccc(COP(=O)(OCc2ccc(OC(=O)CCCCCCCCC)cc2)OP(=O)(O)OC[C@H]2O[C@@H](n3ccnc(C(N)=O)c3=O)[C@H](O)[C@@H]2O)cc1.CCN(CC)CC,1300.0
CHEMBL4174618,CCCCCCCCCCCCCCC(=O)Oc1ccc(COP(=O)(OCc2ccc(OC(=O)CCCC)cc2)OP(=O)(O)OC[C@H]2O[C@@H](n3ccnc(C(N)=O)c3=O)[C@H](O)[C@@H]2O)cc1.CCN(CC)CC,1500.0
CHEMBL4160920,CCCCCCCCCC(=O)Oc1ccc(COP(=O)(OCc2ccc(OC(=O)CCCCCCCCC)cc2)OP(=O)(O)OP(=O)(O)OC[C@H]2O[C@@H](n3ccnc(C(N)=O)c3=O)[C@H](O)[C@@H]2O)cc1.CCN(CC)CC.CCN(CC)CC,2600.0
CHEMBL4171535,CCCCCCCCCCCCCCC(=O)Oc1ccc(COP(=O)(OCc2ccc(OC(=O)CCCC)cc2)OP(=O)(O)OP(=O)(O)OC[C@H]2O[C@@H](n3ccnc(C(N)=O)c3=O)[C@H](O)[C@@H]2O)cc1.CCN(CC)CC.CCN(CC)CC,6000.0
CHEMBL4164322,NC(=O)c1nc(Br)cnc1O,250000.0
CHEMBL4174975,NC(=O)c1nc(Br)cn([C@@H]2O[C@H](CO)[C@@H](O)[C@H]2O)c1=O,250000.0
CHEMBL4167765,NC(=O)c1nccnc1O,6400.0
CHEMBL261459,NC(=O)c1nccn([C@@H]2O[C@H](CO)[C@@H](O)[C@H]2O)c1=O,58000.0
CHEMBL4161045,CCC(CC)O[C@@H]1C=C(C(=O)N[C@@H](C(=O)O)C(C)C)C[C@H](N)[C@H]1NC(C)=O,4260.0
CHEMBL4172581,CCC(CC)O[C@@H]1C=C(C(=O)O)C[C@H](NCc2ccc(N(C)C)cc2)[C@H]1NC(C)=O,530.0
CHEMBL4161935,CCC(CC)O[C@@H]1C=C(C(=O)O)C[C@H](NCc2ccc(N(CC)CC)cc2)[C@H]1NC(C)=O,470.0
CHEMBL4175983,CCC(CC)O[C@@H]1C=C(C(=O)O)C[C@H](NCc2ccc(N3CCCC3)cc2)[C@H]1NC(C)=O,490.0
CHEMBL4165368,CCC(CC)O[C@@H]1C=C(C(=O)O)C[C@H](NCc2ccc(N3CCCCC3)cc2)[C@H]1NC(C)=O,3020.0
CHEMBL4160858,CCC(CC)O[C@@H]1C=C(C(=O)O)C[C@H](NCc2ccc(N3CCSCC3)cc2)[C@H]1NC(C)=O,49720.0
CHEMBL4168794,CCC(CC)O[C@@H]1C=C(C(=O)O)C[C@H](NCc2ccc(NC(C)=O)cc2)[C@H]1NC(C)=O,100000.0
CHEMBL4174094,CCC(CC)O[C@@H]1C=C(C(=O)O)C[C@H](NCc2ccc(Nc3ccccc3)cc2)[C@H]1NC(C)=O,5110.0
CHEMBL4163386,CCC(CC)O[C@@H]1C=C(C(=O)O)C[C@H](NCc2ccc(N(C)c3ccccc3)cc2)[C@H]1NC(C)=O,13130.0
CHEMBL4162570,CCC(CC)O[C@@H]1C=C(C(=O)O)C[C@H](NCc2ccc(N(CC)c3ccccc3)cc2)[C@H]1NC(C)=O,23540.0
CHEMBL4173256,CCC(CC)O[C@@H]1C=C(C(=O)O)C[C@H](NCc2ccc(-n3cccc3)cc2)[C@H]1NC(C)=O,2320.0
CHEMBL4166014,CCC(CC)O[C@@H]1C=C(C(=O)O)C[C@H](NCc2ccc(-n3cccn3)cc2)[C@H]1NC(C)=O,10940.0
CHEMBL3342485,CCC(CC)O[C@@H]1C=C(C(=O)O)C[C@H](NCc2ccc(-c3cccs3)cc2)[C@H]1NC(C)=O,340.0
CHEMBL4161862,CCCCCCCC(=O)/N=C(\N)N[C@H]1C=C(C(=O)O)O[C@@H]([C@H](O)[C@H](O)CO)[C@@H]1NC(C)=O,90.0
CHEMBL4164188,COc1ccc2cc([C@H](C)C(=O)/N=C(\N)N[C@H]3C=C(C(=O)O)O[C@@H]([C@H](O)[C@H](O)CO)[C@@H]3NC(C)=O)ccc2c1,140.0
CHEMBL4172062,CCCCCCCC(=O)/N=C(\N)N[C@H]1CC(C(=O)O)=C[C@@H](OC(CC)CC)[C@@H]1NC(C)=O,1.0
CHEMBL4160792,CCC(CC)O[C@@H]1C=C(C(=O)O)C[C@H](N/C(N)=N/C(=O)[C@@H](C)c2ccc3cc(OC)ccc3c2)[C@H]1NC(C)=O,2.0
CHEMBL4175602,CCC(CC)O[C@@H]1C=C(P(=O)(O)O)C[C@H](N/C(N)=N/C(=O)CSc2ccc3ccccc3c2)[C@H]1NC(C)=O,0.8
CHEMBL4174690,Cc1ccc2nc(N3CCCc4ccc(F)cc4C3)cc(NCC3(N)COC3)c2c1,100000.0
CHEMBL4209173,CCCCCCCCCCCCCCCC(=O)NCCCC[C@H](NC(=O)CCNC(=O)[C@H](CCCCN)NC(=O)[C@H](CCCCN)NC(=O)[C@H](Cc1ccc(O)cc1)NC(=O)[C@@H](NC(=O)[C@H](CCC(=O)O)NC(=O)[C@H](CCC(=O)O)NC(=O)[C@@H](NC(=O)[C@H](CCCCN)NC(=O)[C@H](CCCCN)NC(=O)[C@H](Cc1ccc(O)cc1)NC(=O)[C@@H](NC(=O)[C@H](CCC(=O)O)NC(=O)[C@H](CCC(=O)O)NC(=O)[C@@H](NC(=O)[C@H](CCCCN)NC(=O)[C@H](CCCCN)NC(=O)[C@H](Cc1ccc(O)cc1)NC(=O)[C@@H](NC(=O)[C@H](CCC(=O)O)NC(=O)[C@H](CCC(=O)O)NC(=O)[C@@H](NC(=O)[C@H](CCCCN)NC(=O)[C@H](CCCCN)NC(=O)[C@H](Cc1ccc(O)cc1)NC(=O)[C@@H](NC(=O)[C@H](CCC(=O)O)NC(=O)[C@H](CCC(=O)O)NC(=O)[C@@H](NC(=O)[C@H](CCCCN)NC(=O)[C@H](CCCCN)NC(=O)[C@H](Cc1ccc(O)cc1)NC(=O)[C@@H](NC(=O)[C@H](CCC(=O)O)NC(=O)[C@H](CCC(=O)O)NC(=O)[C@@H](NC(C)=O)[C@@H](C)CC)[C@@H](C)CC)[C@@H](C)CC)[C@@H](C)CC)[C@@H](C)CC)[C@@H](C)CC)[C@@H](C)CC)[C@@H](C)CC)[C@@H](C)CC)[C@@H](C)CC)C(N)=O,12900.0
CHEMBL4216498,CCCCCCCCCCCCCCCC(=O)NCCCC[C@H](NC(=O)CCNC(=O)[C@H](CCCCN)NC(=O)[C@H](CCCCN)NC(=O)[C@H](CO)NC(=O)[C@@H](NC(=O)[C@H](CCC(=O)O)NC(=O)[C@H](CCC(=O)O)NC(=O)[C@@H](NC(=O)[C@H](CCCCN)NC(=O)[C@H](CCCCN)NC(=O)[C@H](CO)NC(=O)[C@@H](NC(=O)[C@H](CCC(=O)O)NC(=O)[C@H](CCC(=O)O)NC(=O)[C@@H](NC(=O)[C@H](CCCCN)NC(=O)[C@H](CCCCN)NC(=O)[C@H](CO)NC(=O)[C@@H](NC(=O)[C@H](CCC(=O)O)NC(=O)[C@H](CCC(=O)O)NC(=O)[C@@H](NC(=O)[C@H](CCCCN)NC(=O)[C@H](CCCCN)NC(=O)[C@H](CO)NC(=O)[C@@H](NC(=O)[C@H](CCC(=O)O)NC(=O)[C@H](CCC(=O)O)NC(=O)[C@@H](NC(=O)[C@H](CCCCN)NC(=O)[C@H](CCCCN)NC(=O)[C@H](CO)NC(=O)[C@@H](NC(=O)[C@H](CCC(=O)O)NC(=O)[C@H](CCC(=O)O)NC(=O)[C@@H](NC(C)=O)[C@@H](C)CC)[C@@H](C)CC)[C@@H](C)CC)[C@@H](C)CC)[C@@H](C)CC)[C@@H](C)CC)[C@@H](C)CC)[C@@H](C)CC)[C@@H](C)CC)[C@@H](C)CC)C(N)=O,6380.0
CHEMBL4288524,CCc1cn([C@H]2O[C@H](CO)[C@@H](O)[C@H]2O)c(=O)c[n+]1[O-],100000.0
CHEMBL4292688,CCc1cn([C@@H]2O[C@H](CO)[C@@H](O)[C@H]2O)c(=O)c[n+]1[O-],100000.0
CHEMBL4282087,Cc1cn([C@H]2O[C@H](CO)[C@@H](O)[C@H]2O)c(=O)c[n+]1[O-],100000.0
CHEMBL4282483,Cc1cn([C@@H]2O[C@H](CO)[C@@H](O)[C@H]2O)c(=O)c[n+]1[O-],100000.0
CHEMBL4290357,O=c1c[n+]([O-])ccn1[C@H]1O[C@H](CO)[C@@H](O)[C@H]1O,100000.0
CHEMBL4285872,O=c1c[n+]([O-])ccn1[C@@H]1O[C@H](CO)[C@@H](O)[C@H]1O,100000.0
CHEMBL4293750,CCc1c[nH]c(=O)c[n+]1[O-],100000.0
CHEMBL4285397,Cc1c[nH]c(=O)c[n+]1[O-],100000.0
CHEMBL4293219,O=c1c[n+]([O-])cc[nH]1,100000.0
CHEMBL4280263,CCC(CC)OC1C=C(C(=O)O)C[C@H](N)[C@H]1NC(C)=O,16.6
CHEMBL4288995,CCC(CC)[C@H](NC(C)=O)[C@@H]1[C@H](OC(=O)NCCCOC(=O)/C=C/c2ccc(O)c(O)c2)[C@@H](C(=O)O)C[C@H]1NC(=N)N,1.68
CHEMBL4288789,CCC(CC)[C@H](NC(C)=O)[C@@H]1[C@H](OC(=O)NCCCNC(=O)/C=C/c2ccc(O)c(O)c2)[C@@H](C(=O)O)C[C@H]1NC(=N)N,1.56
CHEMBL4278125,CCC(CC)[C@H](NC(C)=O)[C@@H]1[C@H](OC(=O)NCCCOCCCc2ccc(O)c(O)c2)[C@@H](C(=O)O)C[C@H]1NC(=N)N,3.5
CHEMBL4285430,CCC(CC)[C@H](NC(C)=O)[C@@H]1[C@H](OC(=O)NCCCO)[C@@H](C(=O)O)C[C@H]1NC(=N)N,2.22
CHEMBL4293261,CCC(CC)[C@H](NC(C)=O)[C@@H]1[C@H](OC(=O)NCCCN)[C@@H](C(=O)O)C[C@H]1NC(=N)N.O=C(O)C(F)(F)F,2.58
CHEMBL4292664,CCCC(N)(CCC)C12CC3CC(CC(C3)C1)C2,1060.0
CHEMBL4284791,CCC(N)(CC)C12CC3CC(CC(C3)C1)C2,1010.0
CHEMBL4277543,CC(C)(N)C12CC3CC(CC(C3)C1)C2,30.0
CHEMBL3392935,C[C@H](N)C12CC3CC(CC(C3)C1)C2,20.0
CHEMBL1235691,C[C@@H](N)C12CC3CC(CC(C3)C1)C2,40.0
CHEMBL4285617,Nc1cccc2c1ncn2[C@@H]1C(F)=C(CO)[C@@H](O)[C@H]1O,20200.0
CHEMBL4287824,N#CCCN(Cc1cccs1)S(=O)(=O)c1ccccc1F,950.0
CHEMBL4277167,N#CCCN(Cc1cccs1)S(=O)(=O)c1cccc(F)c1,99.0
CHEMBL4284419,N#CCCN(Cc1cccs1)S(=O)(=O)c1ccc(F)cc1,99.0
CHEMBL4292316,N#CCCN(Cc1cccs1)S(=O)(=O)c1ccc(Cl)cc1,480.0
CHEMBL4294990,N#CCCN(Cc1cccs1)S(=O)(=O)c1ccc(Br)cc1,320.0
CHEMBL4286741,Cc1ccc(S(=O)(=O)N(CCC#N)Cc2cccs2)cc1,330.0
CHEMBL4285916,COc1ccc(S(=O)(=O)N(CCC#N)Cc2cccs2)cc1,2250.0
CHEMBL4277990,N#CCCN(Cc1cccs1)S(=O)(=O)c1ccc(C#N)cc1,6.0
CHEMBL4282531,N#CCCN(Cc1cccs1)S(=O)(=O)c1ccc(C(F)(F)F)cc1,1770.0
CHEMBL4293132,N#CCCN(Cc1cccs1)S(=O)(=O)c1ccc([N+](=O)[O-])cc1,3560.0
CHEMBL4292737,CC(=O)c1ccc(S(=O)(=O)N(CCC#N)Cc2cccs2)cc1,10860.0
CHEMBL4284865,N#CCCN(Cc1cccs1)S(=O)(=O)c1ccc(N)cc1,2370.0
CHEMBL4289324,O=S(=O)(c1ccc(Br)cc1)N(Cc1cccs1)Cc1cccs1,1330.0
CHEMBL4281445,CCCN(Cc1cccs1)S(=O)(=O)c1ccc(Br)cc1,200.0
CHEMBL4281038,CCOC(=O)CCN(Cc1cccs1)S(=O)(=O)c1ccc(Br)cc1,1540.0
CHEMBL4291678,O=C(O)CCN(Cc1cccs1)S(=O)(=O)c1ccc(Br)cc1,47590.0
CHEMBL4290438,N#CCCN(Cc1ccco1)S(=O)(=O)c1ccc(F)cc1,370.0
CHEMBL4279786,N#CCCN(Cc1ccco1)S(=O)(=O)c1ccc(Cl)cc1,500.0
CHEMBL4293843,N#CCCN(Cc1ccco1)S(=O)(=O)c1ccc(Br)cc1,4250.0
CHEMBL4283250,Cc1ccc(S(=O)(=O)N(CCC#N)Cc2ccco2)cc1,510.0
CHEMBL4283674,COc1ccc(S(=O)(=O)N(CCC#N)Cc2ccco2)cc1,8330.0
CHEMBL4291537,N#CCCN(Cc1ccco1)S(=O)(=O)c1ccc(C#N)cc1,200.0
CHEMBL4287026,N#CCCN(Cc1ccco1)S(=O)(=O)c1ccc(C(F)(F)F)cc1,21890.0
CHEMBL4294934,Cc1cccc(S(=O)(=O)N(CCC#N)Cc2ccco2)c1,4230.0
CHEMBL4293428,N#CCCN(Cc1ccccc1)S(=O)(=O)c1ccc(F)cc1,410.0
CHEMBL4283456,N#CCCN(Cc1ccc[nH]1)S(=O)(=O)c1ccc(Br)cc1,640.0
CHEMBL4294025,CCCN(CCC#N)S(=O)(=O)c1ccc(Br)cc1,8050.0
CHEMBL4287220,Cc1cc(C(=O)NCCSCc2ccc([N+](=O)[O-])cc2)c(C)o1,1250.0
CHEMBL4288555,OC12CC3CC(C1)CC(NCc1ccc(Br)s1)(C3)C2,2000.0
CHEMBL4283236,OC12CC3CC(C1)CC(NCc1ccc(-c4ccccc4Cl)s1)(C3)C2,2500.0
CHEMBL4279317,OC12CC3CC(C1)CC(NCc1ccc(-c4ccccc4)s1)(C3)C2,2100.0
CHEMBL4287072,c1csc(-c2ccc(CNC34CC5CC(CC(C5)C3)C4)s2)c1,12160.0
CHEMBL4289652,OC12CC3CC(C1)CC(NCc1csc(Br)c1)(C3)C2,5100.0
CHEMBL4285210,OC12CC3CC(C1)CC(NCc1cc(Br)cs1)(C3)C2,3100.0
CHEMBL4277906,Brc1ccc(CNC23CCC4CC(CC(C4)C2)C3)s1,600.0
CHEMBL4291979,Brc1ccc(CNC23CC4CC(CC(C4)C2)C3)[se]1,2200.0
CHEMBL4281360,Ic1ccc(CNC23CC4CC(CC(C4)C2)C3)s1,1000.0
CHEMBL3088160,c1csc(-c2cc(CNC34CC5CC(CC(C5)C3)C4)no2)c1,300.0
CHEMBL3415946,Brc1ccc(CNC23CC4CC(CC(C4)C2)C3)s1,2900.0
CHEMBL4289915,CCCCCCCCO[C@@H]1[C@@H](OCCCCCCCC)[C@@H](OC)O[C@H](COCCOCCOCCOCCOCc2cn([C@H]3C(=O)N[C@@H]4Cc5ccc(c(Cl)c5)Oc5cc6cc(c5O)Oc5ccc(cc5Cl)[C@@H](O[C@@H]5O[C@H](CO)[C@@H](O)[C@H](O)[C@H]5NC(C)=O)[C@H]5NC(=O)[C@H](NC(O)[C@@H]6NC(=O)[C@@H](NC4=O)c4cc(O)cc(c4)Oc4cc3ccc4O)c3ccc(O)c(c3)-c3c(O)cc(O)cc3[C@H](C(=O)O)NC5=O)nn2)[C@H]1OCc1ccc(OC)cc1,1400.0
CHEMBL4294366,CCCSC1=C(SCCC)C(=O)N([C@H]2C(=O)N[C@@H]3Cc4ccc(c(Cl)c4)Oc4cc5cc(c4O)Oc4ccc(cc4Cl)[C@@H](O[C@@H]4O[C@H](CO)[C@@H](O)[C@H](O)[C@H]4NC(C)=O)[C@H]4NC(=O)[C@H](NC(O)[C@@H]5NC(=O)[C@@H](NC3=O)c3cc(O)cc(c3)Oc3cc2ccc3O)c2ccc(O)c(c2)-c2c(O)cc(O)cc2[C@H](C(=O)O)NC4=O)C1=O,1800.0
CHEMBL4286491,CCCCSC1=C(SCCCC)C(=O)N([C@H]2C(=O)N[C@@H]3Cc4ccc(c(Cl)c4)Oc4cc5cc(c4O)Oc4ccc(cc4Cl)[C@@H](O[C@@H]4O[C@H](CO)[C@@H](O)[C@H](O)[C@H]4NC(C)=O)[C@H]4NC(=O)[C@H](NC(O)[C@@H]5NC(=O)[C@@H](NC3=O)c3cc(O)cc(c3)Oc3cc2ccc3O)c2ccc(O)c(c2)-c2c(O)cc(O)cc2[C@H](C(=O)O)NC4=O)C1=O,2900.0
CHEMBL4281204,CCCCCCSC1=C(SCCCCCC)C(=O)N([C@H]2C(=O)N[C@@H]3Cc4ccc(c(Cl)c4)Oc4cc5cc(c4O)Oc4ccc(cc4Cl)[C@@H](O[C@@H]4O[C@H](CO)[C@@H](O)[C@H](O)[C@H]4NC(C)=O)[C@H]4NC(=O)[C@H](NC(O)[C@@H]5NC(=O)[C@@H](NC3=O)c3cc(O)cc(c3)Oc3cc2ccc3O)c2ccc(O)c(c2)-c2c(O)cc(O)cc2[C@H](C(=O)O)NC4=O)C1=O,100000.0
CHEMBL4291825,CCCCCCCCSC1=C(SCCCCCCCC)C(=O)N([C@H]2C(=O)N[C@@H]3Cc4ccc(c(Cl)c4)Oc4cc5cc(c4O)Oc4ccc(cc4Cl)[C@@H](O[C@@H]4O[C@H](CO)[C@@H](O)[C@H](O)[C@H]4NC(C)=O)[C@H]4NC(=O)[C@H](NC(O)[C@@H]5NC(=O)[C@@H](NC3=O)c3cc(O)cc(c3)Oc3cc2ccc3O)c2ccc(O)c(c2)-c2c(O)cc(O)cc2[C@H](C(=O)O)NC4=O)C1=O,2100.0
CHEMBL4290400,CCCCCCCCCCCCSC1=C(SCCCCCCCCCCCC)C(=O)N([C@H]2C(=O)N[C@@H]3Cc4ccc(c(Cl)c4)Oc4cc5cc(c4O)Oc4ccc(cc4Cl)[C@@H](O[C@@H]4O[C@H](CO)[C@@H](O)[C@H](O)[C@H]4NC(C)=O)[C@H]4NC(=O)[C@H](NC(O)[C@@H]5NC(=O)[C@@H](NC3=O)c3cc(O)cc(c3)Oc3cc2ccc3O)c2ccc(O)c(c2)-c2c(O)cc(O)cc2[C@H](C(=O)O)NC4=O)C1=O,100000.0
CHEMBL4276752,CCCCCCCCCCCCSC1=C(SCCC)C(=O)N([C@H]2C(=O)N[C@@H]3Cc4ccc(c(Cl)c4)Oc4cc5cc(c4O)Oc4ccc(cc4Cl)[C@@H](O[C@@H]4O[C@H](CO)[C@@H](O)[C@H](O)[C@H]4NC(C)=O)[C@H]4NC(=O)[C@H](NC(O)[C@@H]5NC(=O)[C@@H](NC3=O)c3cc(O)cc(c3)Oc3cc2ccc3O)c2ccc(O)c(c2)-c2c(O)cc(O)cc2[C@H](C(=O)O)NC4=O)C1=O,5100.0
CHEMBL4286986,CC(=O)N[C@H]1[C@H](O[C@@H]2c3ccc(c(Cl)c3)Oc3cc4cc(c3O)Oc3ccc(cc3Cl)C[C@H]3NC(=O)[C@H](N5C(=O)C(SC[C@H]6O[C@@H]7OC(C)(C)O[C@@H]7[C@H]7OC(C)(C)O[C@@H]67)=C(SC[C@H]6O[C@@H]7OC(C)(C)O[C@@H]7[C@H]7OC(C)(C)O[C@@H]67)C5=O)c5ccc(O)c(c5)Oc5cc(O)cc(c5)[C@H](NC3=O)C(=O)N[C@H]4C(O)N[C@H]3C(=O)N[C@H]2C(=O)N[C@@H](C(=O)O)c2cc(O)cc(O)c2-c2cc3ccc2O)O[C@H](CO)[C@@H](O)[C@@H]1O,2100.0
CHEMBL4294897,CCCSC1=C(SCCC)C(=O)N(Cc2cn(C3C(=O)N[C@@H]4Cc5ccc(c(Cl)c5)Oc5cc6cc(c5O)Oc5ccc(cc5Cl)[C@@H](O[C@@H]5O[C@H](CO)[C@@H](O)[C@H](O)[C@H]5NC(C)=O)[C@H]5NC(=O)[C@H](NC(O)[C@@H]6NC(=O)[C@@H](NC4=O)c4cc(O)cc(c4)Oc4cc3ccc4O)c3ccc(O)c(c3)-c3c(O)cc(O)cc3[C@H](C(=O)O)NC5=O)nn2)C1=O,100000.0
CHEMBL4281188,CCCCSC1=C(SCCCC)C(=O)N(Cc2cn(C3C(=O)N[C@@H]4Cc5ccc(c(Cl)c5)Oc5cc6cc(c5O)Oc5ccc(cc5Cl)[C@@H](O[C@@H]5O[C@H](CO)[C@@H](O)[C@H](O)[C@H]5NC(C)=O)[C@H]5NC(=O)[C@H](NC(O)[C@@H]6NC(=O)[C@@H](NC4=O)c4cc(O)cc(c4)Oc4cc3ccc4O)c3ccc(O)c(c3)-c3c(O)cc(O)cc3[C@H](C(=O)O)NC5=O)nn2)C1=O,9800.0
CHEMBL4291492,CCCCCCSC1=C(SCCCCCC)C(=O)N(Cc2cn(C3C(=O)N[C@@H]4Cc5ccc(c(Cl)c5)Oc5cc6cc(c5O)Oc5ccc(cc5Cl)[C@@H](O[C@@H]5O[C@H](CO)[C@@H](O)[C@H](O)[C@H]5NC(C)=O)[C@H]5NC(=O)[C@H](NC(O)[C@@H]6NC(=O)[C@@H](NC4=O)c4cc(O)cc(c4)Oc4cc3ccc4O)c3ccc(O)c(c3)-c3c(O)cc(O)cc3[C@H](C(=O)O)NC5=O)nn2)C1=O,4000.0
CHEMBL4280176,CCCCCCCCSC1=C(SCCCCCCCC)C(=O)N(Cc2cn(C3C(=O)N[C@@H]4Cc5ccc(c(Cl)c5)Oc5cc6cc(c5O)Oc5ccc(cc5Cl)[C@@H](O[C@@H]5O[C@H](CO)[C@@H](O)[C@H](O)[C@H]5NC(C)=O)[C@H]5NC(=O)[C@H](NC(O)[C@@H]6NC(=O)[C@@H](NC4=O)c4cc(O)cc(c4)Oc4cc3ccc4O)c3ccc(O)c(c3)-c3c(O)cc(O)cc3[C@H](C(=O)O)NC5=O)nn2)C1=O,4400.0
CHEMBL4288082,CCCCCCCCCCCCSC1=C(SCCCCCCCCCCCC)C(=O)N(Cc2cn(C3C(=O)N[C@@H]4Cc5ccc(c(Cl)c5)Oc5cc6cc(c5O)Oc5ccc(cc5Cl)[C@@H](O[C@@H]5O[C@H](CO)[C@@H](O)[C@H](O)[C@H]5NC(C)=O)[C@H]5NC(=O)[C@H](NC(O)[C@@H]6NC(=O)[C@@H](NC4=O)c4cc(O)cc(c4)Oc4cc3ccc4O)c3ccc(O)c(c3)-c3c(O)cc(O)cc3[C@H](C(=O)O)NC5=O)nn2)C1=O,100000.0
CHEMBL4276746,CC(=O)N[C@H]1[C@H](O[C@@H]2c3ccc(c(Cl)c3)Oc3cc4cc(c3O)Oc3ccc(cc3Cl)C[C@H]3NC(=O)C(n5cc(CN6C(=O)C(SC[C@H]7O[C@@H]8OC(C)(C)O[C@@H]8[C@H]8OC(C)(C)O[C@@H]78)=C(SC[C@H]7O[C@@H]8OC(C)(C)O[C@@H]8[C@H]8OC(C)(C)O[C@@H]78)C6=O)nn5)c5ccc(O)c(c5)Oc5cc(O)cc(c5)[C@H](NC3=O)C(=O)N[C@H]4C(O)N[C@H]3C(=O)N[C@H]2C(=O)N[C@@H](C(=O)O)c2cc(O)cc(O)c2-c2cc3ccc2O)O[C@H](CO)[C@@H](O)[C@@H]1O,100000.0
CHEMBL4284686,CCCSC1=C(SCCC)C(=O)N(CCOCCOCCOCCOCc2cn(C3C(=O)N[C@@H]4Cc5ccc(c(Cl)c5)Oc5cc6cc(c5O)Oc5ccc(cc5Cl)[C@@H](O[C@@H]5O[C@H](CO)[C@@H](O)[C@H](O)[C@H]5NC(C)=O)[C@H]5NC(=O)[C@H](NC(O)[C@@H]6NC(=O)[C@@H](NC4=O)c4cc(O)cc(c4)Oc4cc3ccc4O)c3ccc(O)c(c3)-c3c(O)cc(O)cc3[C@H](C(=O)O)NC5=O)nn2)C1=O,100000.0
CHEMBL4279946,CCCCSC1=C(SCCCC)C(=O)N(CCOCCOCCOCCOCc2cn(C3C(=O)N[C@@H]4Cc5ccc(c(Cl)c5)Oc5cc6cc(c5O)Oc5ccc(cc5Cl)[C@@H](O[C@@H]5O[C@H](CO)[C@@H](O)[C@H](O)[C@H]5NC(C)=O)[C@H]5NC(=O)[C@H](NC(O)[C@@H]6NC(=O)[C@@H](NC4=O)c4cc(O)cc(c4)Oc4cc3ccc4O)c3ccc(O)c(c3)-c3c(O)cc(O)cc3[C@H](C(=O)O)NC5=O)nn2)C1=O,9500.0
CHEMBL4290592,CCCCCCSC1=C(SCCCCCC)C(=O)N(CCOCCOCCOCCOCc2cn(C3C(=O)N[C@@H]4Cc5ccc(c(Cl)c5)Oc5cc6cc(c5O)Oc5ccc(cc5Cl)[C@@H](O[C@@H]5O[C@H](CO)[C@@H](O)[C@H](O)[C@H]5NC(C)=O)[C@H]5NC(=O)[C@H](NC(O)[C@@H]6NC(=O)[C@@H](NC4=O)c4cc(O)cc(c4)Oc4cc3ccc4O)c3ccc(O)c(c3)-c3c(O)cc(O)cc3[C@H](C(=O)O)NC5=O)nn2)C1=O,2700.0
CHEMBL4279779,CCCCCCCCSC1=C(SCCCCCCCC)C(=O)N(CCOCCOCCOCCOCc2cn(C3C(=O)N[C@@H]4Cc5ccc(c(Cl)c5)Oc5cc6cc(c5O)Oc5ccc(cc5Cl)[C@@H](O[C@@H]5O[C@H](CO)[C@@H](O)[C@H](O)[C@H]5NC(C)=O)[C@H]5NC(=O)[C@H](NC(O)[C@@H]6NC(=O)[C@@H](NC4=O)c4cc(O)cc(c4)Oc4cc3ccc4O)c3ccc(O)c(c3)-c3c(O)cc(O)cc3[C@H](C(=O)O)NC5=O)nn2)C1=O,1400.0
CHEMBL4288024,CCCCCCCCCCCCSC1=C(SCCCCCCCCCCCC)C(=O)N(CCOCCOCCOCCOCc2cn(C3C(=O)N[C@@H]4Cc5ccc(c(Cl)c5)Oc5cc6cc(c5O)Oc5ccc(cc5Cl)[C@@H](O[C@@H]5O[C@H](CO)[C@@H](O)[C@H](O)[C@H]5NC(C)=O)[C@H]5NC(=O)[C@H](NC(O)[C@@H]6NC(=O)[C@@H](NC4=O)c4cc(O)cc(c4)Oc4cc3ccc4O)c3ccc(O)c(c3)-c3c(O)cc(O)cc3[C@H](C(=O)O)NC5=O)nn2)C1=O,100000.0
CHEMBL4291683,CC(=O)N[C@H]1[C@H](O[C@@H]2c3ccc(c(Cl)c3)Oc3cc4cc(c3O)Oc3ccc(cc3Cl)C[C@H]3NC(=O)C(n5cc(COCCOCCOCCOCCN6C(=O)C(SC[C@H]7O[C@@H]8OC(C)(C)O[C@@H]8[C@H]8OC(C)(C)O[C@@H]78)=C(SC[C@H]7O[C@@H]8OC(C)(C)O[C@@H]8[C@H]8OC(C)(C)O[C@@H]78)C6=O)nn5)c5ccc(O)c(c5)Oc5cc(O)cc(c5)[C@H](NC3=O)C(=O)N[C@H]4C(O)N[C@H]3C(=O)N[C@H]2C(=O)N[C@@H](C(=O)O)c2cc(O)cc(O)c2-c2cc3ccc2O)O[C@H](CO)[C@@H](O)[C@@H]1O,100000.0
CHEMBL4282299,CC(=O)N[C@H]1[C@H](O[C@@H]2c3ccc(c(Cl)c3)Oc3cc4cc(c3O)Oc3ccc(cc3Cl)C[C@H]3NC(=O)C(n5cc(COCCOCCOCCOCCN6C(=O)C(SCCOCCOCCOCCO)=C(SCCOCCOCCOCCO)C6=O)nn5)c5ccc(O)c(c5)Oc5cc(O)cc(c5)[C@H](NC3=O)C(=O)N[C@H]4C(O)N[C@H]3C(=O)N[C@H]2C(=O)N[C@@H](C(=O)O)c2cc(O)cc(O)c2-c2cc3ccc2O)O[C@H](CO)[C@@H](O)[C@@H]1O,100000.0
CHEMBL4295108,CCCCCCCCCCCCCCCCOCc1cn([C@H]2C(=O)N[C@@H]3Cc4ccc(c(Cl)c4)Oc4cc5cc(c4O)Oc4ccc(cc4Cl)[C@@H](O[C@@H]4O[C@H](CO)[C@@H](O)[C@H](O)[C@H]4NC(C)=O)[C@H]4NC(=O)[C@H](NC(O)[C@@H]5NC(=O)[C@@H](NC3=O)c3cc(O)cc(c3)Oc3cc2ccc3O)c2ccc(O)c(c2)-c2c(O)cc(O)cc2[C@H](C(=O)O)NC4=O)nn1,1800.0
CHEMBL4287178,CCCCCCCCCCCCOCc1cn([C@H]2C(=O)N[C@@H]3Cc4ccc(c(Cl)c4)Oc4cc5cc(c4O)Oc4ccc(cc4Cl)[C@@H](O[C@@H]4O[C@H](CO)[C@@H](O)[C@H](O)[C@H]4NC(C)=O)[C@H]4NC(=O)[C@H](NC(O)[C@@H]5NC(=O)[C@@H](NC3=O)c3cc(O)cc(c3)Oc3cc2ccc3O)c2ccc(O)c(c2)-c2c(O)cc(O)cc2[C@H](C(=O)O)NC4=O)nn1,100000.0
CHEMBL4284871,CCCCCCCCCCOCc1cn([C@H]2C(=O)N[C@@H]3Cc4ccc(c(Cl)c4)Oc4cc5cc(c4O)Oc4ccc(cc4Cl)[C@@H](O[C@@H]4O[C@H](CO)[C@@H](O)[C@H](O)[C@H]4NC(C)=O)[C@H]4NC(=O)[C@H](NC(O)[C@@H]5NC(=O)[C@@H](NC3=O)c3cc(O)cc(c3)Oc3cc2ccc3O)c2ccc(O)c(c2)-c2c(O)cc(O)cc2[C@H](C(=O)O)NC4=O)nn1,100000.0
CHEMBL4276938,CCCCCCCCOCc1cn([C@H]2C(=O)N[C@@H]3Cc4ccc(c(Cl)c4)Oc4cc5cc(c4O)Oc4ccc(cc4Cl)[C@@H](O[C@@H]4O[C@H](CO)[C@@H](O)[C@H](O)[C@H]4NC(C)=O)[C@H]4NC(=O)[C@H](NC(O)[C@@H]5NC(=O)[C@@H](NC3=O)c3cc(O)cc(c3)Oc3cc2ccc3O)c2ccc(O)c(c2)-c2c(O)cc(O)cc2[C@H](C(=O)O)NC4=O)nn1,1800.0
CHEMBL4287719,CCCCCCOCc1cn([C@H]2C(=O)N[C@@H]3Cc4ccc(c(Cl)c4)Oc4cc5cc(c4O)Oc4ccc(cc4Cl)[C@@H](O[C@@H]4O[C@H](CO)[C@@H](O)[C@H](O)[C@H]4NC(C)=O)[C@H]4NC(=O)[C@H](NC(O)[C@@H]5NC(=O)[C@@H](NC3=O)c3cc(O)cc(c3)Oc3cc2ccc3O)c2ccc(O)c(c2)-c2c(O)cc(O)cc2[C@H](C(=O)O)NC4=O)nn1,100000.0
CHEMBL4279163,CC(=O)N[C@H]1[C@H](O[C@@H]2c3ccc(c(Cl)c3)Oc3cc4cc(c3O)Oc3ccc(cc3Cl)C[C@H]3NC(=O)[C@H](n5cc(COc6ccccc6)nn5)c5ccc(O)c(c5)Oc5cc(O)cc(c5)[C@H](NC3=O)C(=O)N[C@H]4C(O)N[C@H]3C(=O)N[C@H]2C(=O)N[C@@H](C(=O)O)c2cc(O)cc(O)c2-c2cc3ccc2O)O[C@H](CO)[C@@H](O)[C@@H]1O,100000.0
CHEMBL4289316,CC(=O)N[C@H]1[C@H](O[C@@H]2c3ccc(c(Cl)c3)Oc3cc4cc(c3O)Oc3ccc(cc3Cl)C[C@H]3NC(=O)[C@H](n5cc(COc6cccc7ccccc67)nn5)c5ccc(O)c(c5)Oc5cc(O)cc(c5)[C@H](NC3=O)C(=O)N[C@H]4C(O)N[C@H]3C(=O)N[C@H]2C(=O)N[C@@H](C(=O)O)c2cc(O)cc(O)c2-c2cc3ccc2O)O[C@H](CO)[C@@H](O)[C@@H]1O,11000.0
CHEMBL4280503,CC(=O)N[C@H]1[C@H](O[C@@H]2c3ccc(c(Cl)c3)Oc3cc4cc(c3O)Oc3ccc(cc3Cl)C[C@H]3NC(=O)[C@H](n5cc(COC[C@H]6O[C@@H]7OC(C)(C)O[C@@H]7[C@H]7OC(C)(C)O[C@H]76)nn5)c5ccc(O)c(c5)Oc5cc(O)cc(c5)[C@H](NC3=O)C(=O)N[C@H]4C(O)N[C@H]3C(=O)N[C@H]2C(=O)N[C@@H](C(=O)O)c2cc(O)cc(O)c2-c2cc3ccc2O)O[C@H](CO)[C@@H](O)[C@@H]1O,45000.0
CHEMBL4280921,CC(=O)N[C@H]1[C@H](O[C@@H]2c3ccc(c(Cl)c3)Oc3cc4cc(c3O)Oc3ccc(cc3Cl)C[C@H]3NC(=O)[C@H](n5cc(CO[C@@H]6[C@H](OCc7ccccc7)[C@@H](OCc7ccccc7)[C@H](O[C@H]7[C@H](OCc8ccccc8)[C@@H](OCc8ccccc8)[C@H](Sc8ccccc8)O[C@@H]7COCc7ccccc7)O[C@@H]6COCc6ccccc6)nn5)c5ccc(O)c(c5)Oc5cc(O)cc(c5)[C@H](NC3=O)C(=O)N[C@H]4C(O)N[C@H]3C(=O)N[C@H]2C(=O)N[C@@H](C(=O)O)c2cc(O)cc(O)c2-c2cc3ccc2O)O[C@H](CO)[C@@H](O)[C@@H]1O,8900.0
CHEMBL4293879,CC(=O)N[C@H]1[C@H](O[C@@H]2c3ccc(c(Cl)c3)Oc3cc4cc(c3O)Oc3ccc(cc3Cl)C[C@H]3NC(=O)[C@H](n5cc(CCOc6c7cc(C(C)(C)C)cc6Cc6cc(C(C)(C)C)cc(c6O)Cc6cc(C(C)(C)C)cc(c6O)Cc6cc(C(C)(C)C)cc(c6O)C7)nn5)c5ccc(O)c(c5)Oc5cc(O)cc(c5)[C@H](NC3=O)C(=O)N[C@H]4C(O)N[C@H]3C(=O)N[C@H]2C(=O)N[C@@H](C(=O)O)c2cc(O)cc(O)c2-c2cc3ccc2O)O[C@H](CO)[C@@H](O)[C@@H]1O,8900.0
CHEMBL4282810,CCCCOCc1cn(CCOCCOCCOCCOCc2cn([C@H]3C(=O)N[C@@H]4Cc5ccc(c(Cl)c5)Oc5cc6cc(c5O)Oc5ccc(cc5Cl)[C@@H](O[C@@H]5O[C@H](CO)[C@@H](O)[C@H](O)[C@H]5NC(C)=O)[C@H]5NC(=O)[C@H](NC(O)[C@@H]6NC(=O)[C@@H](NC4=O)c4cc(O)cc(c4)Oc4cc3ccc4O)c3ccc(O)c(c3)-c3c(O)cc(O)cc3[C@H](C(=O)O)NC5=O)nn2)nn1,100000.0
CHEMBL4292227,CCCCCCOCc1cn(CCOCCOCCOCCOCc2cn([C@H]3C(=O)N[C@@H]4Cc5ccc(c(Cl)c5)Oc5cc6cc(c5O)Oc5ccc(cc5Cl)[C@@H](O[C@@H]5O[C@H](CO)[C@@H](O)[C@H](O)[C@H]5NC(C)=O)[C@H]5NC(=O)[C@H](NC(O)[C@@H]6NC(=O)[C@@H](NC4=O)c4cc(O)cc(c4)Oc4cc3ccc4O)c3ccc(O)c(c3)-c3c(O)cc(O)cc3[C@H](C(=O)O)NC5=O)nn2)nn1,100000.0
CHEMBL4292633,CCCCCCCCOCc1cn(CCOCCOCCOCCOCc2cn([C@H]3C(=O)N[C@@H]4Cc5ccc(c(Cl)c5)Oc5cc6cc(c5O)Oc5ccc(cc5Cl)[C@@H](O[C@@H]5O[C@H](CO)[C@@H](O)[C@H](O)[C@H]5NC(C)=O)[C@H]5NC(=O)[C@H](NC(O)[C@@H]6NC(=O)[C@@H](NC4=O)c4cc(O)cc(c4)Oc4cc3ccc4O)c3ccc(O)c(c3)-c3c(O)cc(O)cc3[C@H](C(=O)O)NC5=O)nn2)nn1,100000.0
CHEMBL4282032,CCCCCCCCCCOCc1cn(CCOCCOCCOCCOCc2cn([C@H]3C(=O)N[C@@H]4Cc5ccc(c(Cl)c5)Oc5cc6cc(c5O)Oc5ccc(cc5Cl)[C@@H](O[C@@H]5O[C@H](CO)[C@@H](O)[C@H](O)[C@H]5NC(C)=O)[C@H]5NC(=O)[C@H](NC(O)[C@@H]6NC(=O)[C@@H](NC4=O)c4cc(O)cc(c4)Oc4cc3ccc4O)c3ccc(O)c(c3)-c3c(O)cc(O)cc3[C@H](C(=O)O)NC5=O)nn2)nn1,1800.0
CHEMBL4288393,CC(=O)N[C@H]1[C@H](O[C@@H]2c3ccc(c(Cl)c3)Oc3cc4cc(c3O)Oc3ccc(cc3Cl)C[C@H]3NC(=O)[C@H](NS(=O)(=O)c5ccc(C)cc5)c5ccc(O)c(c5)Oc5cc(O)cc(c5)[C@H](NC3=O)C(=O)N[C@H]4C(O)N[C@H]3C(=O)N[C@H]2C(=O)N[C@@H](C(=O)O)c2cc(O)cc(O)c2-c2cc3ccc2O)O[C@H](CO)[C@@H](O)[C@@H]1O,30000.0
CHEMBL4278054,CC(=O)N[C@H]1[C@H](O[C@@H]2c3ccc(c(Cl)c3)Oc3cc4cc(c3O)Oc3ccc(cc3Cl)C[C@H]3NC(=O)[C@H](NS(=O)(=O)c5ccccc5)c5ccc(O)c(c5)Oc5cc(O)cc(c5)[C@H](NC3=O)C(=O)N[C@H]4C(O)N[C@H]3C(=O)N[C@H]2C(=O)N[C@@H](C(=O)O)c2cc(O)cc(O)c2-c2cc3ccc2O)O[C@H](CO)[C@@H](O)[C@@H]1O,46000.0
CHEMBL4290658,CC(=O)Nc1ccc(S(=O)(=O)N[C@H]2C(=O)N[C@@H]3Cc4ccc(c(Cl)c4)Oc4cc5cc(c4O)Oc4ccc(cc4Cl)[C@@H](O[C@@H]4O[C@H](CO)[C@@H](O)[C@H](O)[C@H]4NC(C)=O)[C@H]4NC(=O)[C@H](NC(O)[C@@H]5NC(=O)[C@@H](NC3=O)c3cc(O)cc(c3)Oc3cc2ccc3O)c2ccc(O)c(c2)-c2c(O)cc(O)cc2[C@H](C(=O)O)NC4=O)cc1,100000.0
CHEMBL4294699,CC(=O)N[C@H]1[C@H](O[C@@H]2c3ccc(c(Cl)c3)Oc3cc4cc(c3O)Oc3ccc(cc3Cl)C[C@H]3NC(=O)[C@H](NS(=O)(=O)c5ccc(-c6ccccc6)cc5)c5ccc(O)c(c5)Oc5cc(O)cc(c5)[C@H](NC3=O)C(=O)N[C@H]4C(O)N[C@H]3C(=O)N[C@H]2C(=O)N[C@@H](C(=O)O)c2cc(O)cc(O)c2-c2cc3ccc2O)O[C@H](CO)[C@@H](O)[C@@H]1O,2000.0
CHEMBL4292262,CC(=O)N[C@H]1[C@H](O[C@@H]2c3ccc(c(Cl)c3)Oc3cc4cc(c3O)Oc3ccc(cc3Cl)C[C@H]3NC(=O)[C@H](NS(=O)(=O)c5cccc6c(N(C)C)cccc56)c5ccc(O)c(c5)Oc5cc(O)cc(c5)[C@H](NC3=O)C(=O)N[C@H]4C(O)N[C@H]3C(=O)N[C@H]2C(=O)N[C@@H](C(=O)O)c2cc(O)cc(O)c2-c2cc3ccc2O)O[C@H](CO)[C@@H](O)[C@@H]1O,6300.0
CHEMBL4292963,CCCCCCS(=O)(=O)N[C@H]1C(=O)N[C@@H]2Cc3ccc(c(Cl)c3)Oc3cc4cc(c3O)Oc3ccc(cc3Cl)[C@@H](O[C@@H]3O[C@H](CO)[C@@H](O)[C@H](O)[C@H]3NC(C)=O)[C@H]3NC(=O)[C@H](NC(O)[C@@H]4NC(=O)[C@@H](NC2=O)c2cc(O)cc(c2)Oc2cc1ccc2O)c1ccc(O)c(c1)-c1c(O)cc(O)cc1[C@H](C(=O)O)NC3=O,8900.0
CHEMBL4290319,CCCCCCCCS(=O)(=O)N[C@H]1C(=O)N[C@@H]2Cc3ccc(c(Cl)c3)Oc3cc4cc(c3O)Oc3ccc(cc3Cl)[C@@H](O[C@@H]3O[C@H](CO)[C@@H](O)[C@H](O)[C@H]3NC(C)=O)[C@H]3NC(=O)[C@H](NC(O)[C@@H]4NC(=O)[C@@H](NC2=O)c2cc(O)cc(c2)Oc2cc1ccc2O)c1ccc(O)c(c1)-c1c(O)cc(O)cc1[C@H](C(=O)O)NC3=O,100000.0
CHEMBL4289587,CCCCCCCCCCCCS(=O)(=O)N[C@H]1C(=O)N[C@@H]2Cc3ccc(c(Cl)c3)Oc3cc4cc(c3O)Oc3ccc(cc3Cl)[C@@H](O[C@@H]3O[C@H](CO)[C@@H](O)[C@H](O)[C@H]3NC(C)=O)[C@H]3NC(=O)[C@H](NC(O)[C@@H]4NC(=O)[C@@H](NC2=O)c2cc(O)cc(c2)Oc2cc1ccc2O)c1ccc(O)c(c1)-c1c(O)cc(O)cc1[C@H](C(=O)O)NC3=O,100000.0
CHEMBL4285767,CCc1ccc(CN[C@H]2CC(C(=O)O)=C[C@@H](OC(CC)CC)[C@@H]2NC(C)=O)cc1,2670.0
CHEMBL4293639,CCC(CC)O[C@@H]1C=C(C(=O)O)C[C@H](NCc2ccc(C(C)C)cc2)[C@H]1NC(C)=O,1100.0
CHEMBL4289163,CCC(CC)O[C@@H]1C=C(C(=O)O)C[C@H](NCc2ccc(C(C)(C)C)cc2)[C@H]1NC(C)=O,5390.0
CHEMBL4278505,CCC(CC)O[C@@H]1C=C(C(=O)O)C[C@H](NCc2ccc(Cc3ccccc3)cc2)[C@H]1NC(C)=O,5830.0
CHEMBL4292576,CCC(CC)O[C@@H]1C=C(C(=O)O)C[C@H](NCc2ccc(OC)cc2)[C@H]1NC(C)=O,1270.0
CHEMBL4281970,CCC(CC)O[C@@H]1C=C(C(=O)O)C[C@H](NCc2cccc(OC)c2)[C@H]1NC(C)=O,31880.0
CHEMBL4277442,CCC(CC)O[C@@H]1C=C(C(=O)O)C[C@H](NCc2ccc(OC(C)C)cc2)[C@H]1NC(C)=O,19420.0
CHEMBL4285398,CCC(CC)Oc1ccc(CN[C@H]2CC(C(=O)O)=C[C@@H](OC(CC)CC)[C@@H]2NC(C)=O)cc1,10610.0
CHEMBL4290421,CCC(CC)Oc1cccc(CN[C@H]2CC(C(=O)O)=C[C@@H](OC(CC)CC)[C@@H]2NC(C)=O)c1,51090.0
CHEMBL4282553,CCC(CC)O[C@@H]1C=C(C(=O)O)C[C@H](NCc2ccc(Oc3ccccc3)cc2)[C@H]1NC(C)=O,10710.0
CHEMBL4293832,CCC(CC)O[C@@H]1C=C(C(=O)O)C[C@H](NCc2ccc(SCC(C)C)cc2)[C@H]1NC(C)=O,18090.0
CHEMBL4285941,CCC(CC)O[C@@H]1C=C(C(=O)O)C[C@H](NCc2ccc(SC(C)CC)cc2)[C@H]1NC(C)=O,6370.0
CHEMBL4278685,CCC(CC)O[C@@H]1C=C(C(=O)O)C[C@H](NCc2cccc(SC(C)CC)c2)[C@H]1NC(C)=O,31080.0
CHEMBL4289349,CCC(CC)O[C@@H]1C=C(C(=O)O)C[C@H](NCc2ccc(SC3CCCC3)cc2)[C@H]1NC(C)=O,26630.0
CHEMBL4282153,CCC(CC)O[C@@H]1C=C(C(=O)O)C[C@H](NCc2cccc(SC3CCCC3)c2)[C@H]1NC(C)=O,24160.0
CHEMBL4292761,CCC(CC)O[C@@H]1C=C(C(=O)O)C[C@H](NCc2ccc(SC3CCCCC3)cc2)[C@H]1NC(C)=O,38000.0
CHEMBL4276773,CCC(CC)O[C@@H]1C=C(C(=O)O)C[C@H](NCc2ccc(Sc3cccs3)cc2)[C@H]1NC(C)=O,250.0
CHEMBL4287425,CCC(CC)O[C@@H]1C=C(C(=O)O)C[C@H](NCc2ccc(Sc3ccccc3)cc2)[C@H]1NC(C)=O,390.0
CHEMBL4288395,CCC(CC)O[C@@H]1C=C(C(=O)O)C[C@H](NCc2ccc(-c3ccc(SC)cc3)cc2)[C@H]1NC(C)=O,4100.0
CHEMBL4277758,CCC(CC)O[C@@H]1C=C(C(=O)O)C[C@H](NCc2cccc(-c3ccc(SC)cc3)c2)[C@H]1NC(C)=O,35740.0
CHEMBL4285029,CCC(CC)O[C@@H]1C=C(C(=O)O)C[C@H](NCc2ccc(-c3cc4ccccc4s3)cc2)[C@H]1NC(C)=O,21340.0
CHEMBL4292880,CCC(CC)O[C@@H]1C=C(C(=O)O)C[C@H](NCc2ccc(-c3csc4ccccc34)cc2)[C@H]1NC(C)=O,8970.0
CHEMBL4276674,CCC(CC)O[C@@H]1C=C(C(=O)O)C[C@H](NCc2ccc(-c3ccc4sccc4c3)cc2)[C@H]1NC(C)=O,16400.0
CHEMBL4284614,CCC(CC)O[C@@H]1C=C(C(=O)O)C[C@H](NCc2ccc(C(=O)c3ccccc3)cc2)[C@H]1NC(C)=O,7590.0
CHEMBL4291818,CCC(CC)O[C@@H]1C=C(C(=O)O)C[C@H](NCc2ccc(S(=O)(=O)c3ccccc3)cc2)[C@H]1NC(C)=O,100000.0
CHEMBL4452992,CCC(CC)O[C@@H]1C=C(C(=O)O)C[C@H](Nc2ncccc2N)[C@H]1NC(C)=O,12680.0
CHEMBL4590895,C=C(CC(=O)Nc1ccc(C(F)(F)F)cc1F)C(=O)Nc1ccc(C(F)(F)F)cc1F,1620.0
CHEMBL4454559,C=C(CC(=O)Nc1ccc(F)cc1F)C(=O)Nc1ccc(F)cc1F,2360.0
CHEMBL4576041,C=C(CC(=O)Nc1cccc(C(F)(F)F)c1)C(=O)O,50000.0
CHEMBL4446328,C=C(CC(=O)Nc1ccccc1C(F)(F)F)C(=O)O,50000.0
CHEMBL4449001,C=C(CC(=O)Nc1cc(F)ccc1C(F)(F)F)C(=O)O,50000.0
CHEMBL4516125,C=C(CC(=O)Nc1ccc(F)cc1C(F)(F)F)C(=O)O,50000.0
CHEMBL4436449,C=C(CC(=O)Nc1cc(Cl)ccc1F)C(=O)O,50000.0
CHEMBL4554046,C=C(CC(=O)Nc1cc(C(F)(F)F)ccc1F)C(=O)O,50000.0
CHEMBL4452200,C=C(CC(=O)Nc1cc(F)ccc1F)C(=O)O,50000.0
CHEMBL4474424,C=C(CC(=O)Nc1ccc(C(F)(F)F)cc1F)C(=O)O,50000.0
CHEMBL4451313,C=C(CC(=O)Nc1ccc(Cl)cc1F)C(=O)O,50000.0
CHEMBL4473805,C=C(CC(=O)Nc1ccc(F)cc1F)C(=O)O,50000.0
CHEMBL3545187,O=C(/C=C\n1cnc(-c2cc(C(F)(F)F)cc(C(F)(F)F)c2)n1)NNc1ccccn1,3280.0
CHEMBL486133,CCC(=C/[C@H](C)C/C=C/C(C)=C/[C@@H](C)C(=O)[C@@H](C)[C@H](O)[C@@H](C)C/C(C)=C/C(=O)O)/C=C/[C@@H]1OC(=O)C=C[C@@H]1C,180.0
CHEMBL4437923,C=C(CC(=O)NCc1cc(F)ccc1F)C(=O)NCc1cc(F)ccc1F,50000.0
CHEMBL4438189,C=C(CC(=O)NCc1ccc(F)cc1F)C(=O)NCc1ccc(F)cc1F,50000.0
CHEMBL4440488,C=C(CC(=O)Nc1ccc(Br)cc1Br)C(=O)Nc1ccc(Br)cc1Br,41560.0
CHEMBL4542834,C=C(CC(=O)Nc1ccccc1C(F)(F)F)C(=O)Nc1ccccc1C(F)(F)F,50000.0
CHEMBL4585690,C=C(CC(=O)Nc1ccc(F)cc1C(F)(F)F)C(=O)Nc1ccc(F)cc1C(F)(F)F,50000.0
CHEMBL4574395,C=C(CC(=O)Nc1ccc(F)cc1Br)C(=O)Nc1ccc(F)cc1Br,2590.0
CHEMBL4465754,C=C(CC(=O)Nc1cc(OC)ccc1F)C(=O)Nc1cc(OC)ccc1F,480.0
CHEMBL4454961,C=C(CC(=O)Nc1cc(C(F)(F)F)ccc1F)C(=O)Nc1cc(C(F)(F)F)ccc1F,110.0
CHEMBL4518781,C=C(CC(=O)Nc1cc(Cl)ccc1F)C(=O)Nc1cc(Cl)ccc1F,180.0
CHEMBL4462386,C=C(CC(=O)Nc1cc(F)ccc1F)C(=O)Nc1cc(F)ccc1F,1260.0
CHEMBL4572951,C=C(CC(=O)Nc1ccc(OC)cc1F)C(=O)Nc1ccc(OC)cc1F,31040.0
CHEMBL4452664,C=C(CC(=O)Nc1ccc(Br)cc1F)C(=O)Nc1ccc(Br)cc1F,990.0
CHEMBL4466000,C=C(CC(=O)Nc1ccc(Cl)cc1F)C(=O)Nc1ccc(Cl)cc1F,670.0
CHEMBL4454780,CCN(CC)c1ccc(Oc2ccc(-c3[nH]c4cccc(F)c4c(=O)c3C)cc2F)cc1,240.0
CHEMBL2070214,O=C(NCCc1ccc(O)c(O)c1)c1cc2cc(O)c(O)cc2[nH]1,16000.0
CHEMBL2443239,O=c1[nH]c(-c2ccc(F)cc2)c(-c2ccc(-c3nnn[nH]3)cc2)cc1O,11400.0
CHEMBL4452342,CN(Cc1cc(=O)c(O)cn1-c1ccc(-c2nnn[nH]2)cc1)c1ccc(Cl)cc1,2100.0
CHEMBL3944613,O=C(O)c1cn(CC2(n3ccc4cccnc43)CCCC2)cc(O)c1=O,201.0
CHEMBL4217762,O=C1N/C(=N\N=C2\C(=O)Nc3ccccc32)S/C1=C1\C(=O)Nc2ccccc21,800.0
CHEMBL4463676,COCCN1C[C@H](Cc2ccccc2)n2cc(C(=O)O)c(=O)c(O)c2C1=O,50000.0
CHEMBL4474376,COCCN1C[C@@H](Cc2ccccc2)n2cc(C(=O)O)c(=O)c(O)c2C1=O,50000.0
CHEMBL4535763,COCCN1CN(Cc2ccc(F)cc2)n2cc(C(=O)O)c(=O)c(O)c2C1=O,25000.0
CHEMBL4445105,COCCN1C[C@H](c2ccccc2)n2cc(C(=O)O)c(=O)c(O)c2C1=O,50000.0
CHEMBL4439208,COCCN1C[C@H](C(c2ccccc2)c2ccccc2)n2cc(C(=O)O)c(=O)c(O)c2C1=O,293.0
CHEMBL4471885,COCCN1CN(C(c2ccccc2)c2ccccc2)n2cc(C(=O)O)c(=O)c(O)c2C1=O,1470.0
CHEMBL4473580,CCOC(=O)c1cn2c(c(O)c1=O)C(=O)N(CCOC)C[C@@H]2C(c1ccccc1)c1ccccc1,2530.0
CHEMBL4449735,CNC(=O)c1cn2c(c(O)c1=O)C(=O)N(CCOC)C[C@@H]2C(c1ccccc1)c1ccccc1,7110.0
CHEMBL4439050,COCCN1C[C@H](C(c2ccccc2)c2ccccc2)n2cc(N)c(=O)c(O)c2C1=O,3860.0
CHEMBL4593284,COCCN1C[C@H](C(c2ccccc2)c2ccccc2)n2cc(OC)c(=O)c(O)c2C1=O,1680.0
CHEMBL4548583,COCCN1C[C@H](C(c2ccccc2)c2ccccc2)n2cc(C)c(=O)c(O)c2C1=O,2470.0
CHEMBL4452525,COCCN1C[C@H](C(c2ccccc2)c2ccccc2)n2cc(Cl)c(=O)c(O)c2C1=O,541.0
CHEMBL4468072,COCCN1C[C@H](C(c2ccccc2)c2ccccc2)n2ccc(=O)c(O)c2C1=O,134.0
CHEMBL4513495,CN1C[C@H](C(c2ccccc2)c2ccccc2)n2ccc(=O)c(O)c2C1=O,144.0
CHEMBL4539860,CC(C)N1C[C@H](C(c2ccccc2)c2ccccc2)n2ccc(=O)c(O)c2C1=O,57.5
CHEMBL4462899,COCCN1CN(C(c2ccccc2)c2ccccc2)n2ccc(=O)c(O)c2C1=O,75.2
CHEMBL4440459,CN1CN(C(c2ccccc2)c2ccccc2)n2ccc(=O)c(O)c2C1=O,81.6
CHEMBL4465872,CC(C)N1CN(C(c2ccccc2)c2ccccc2)n2ccc(=O)c(O)c2C1=O,81.6
CHEMBL4521905,O=C1c2c(O)c(=O)ccn2N(C(c2ccccc2)c2ccccc2)CN1Cc1ccco1,478.0
CHEMBL4443707,CCC(CC)O[C@@H]1C=C(C(=O)N[C@@H](C(=O)O)C(C)C)C[C@H](NCc2ccc(SC)cc2)[C@H]1NC(C)=O,100000.0
CHEMBL4448599,CCC(CC)O[C@@H]1C=C(C(=O)O)C[C@H](NCc2ccc(SC)cc2)[C@H]1NC(C)=O,660.0
CHEMBL4519625,CCC(CC)O[C@@H]1C=C(C(=O)NCc2ccc(Cl)cc2)C[C@H](NCc2ccc(N3CCCC3)cc2)[C@H]1NC(C)=O,100000.0
CHEMBL3417243,Nc1ccn([C@@H]2O[C@@](CO)(CCl)[C@@H](O)[C@H]2F)c(=O)n1,100000.0
CHEMBL4469834,CCn1cc(-c2c[nH]c3ncc(F)cc23)nc(N[C@H]2C3CCC(CC3)[C@@H]2C(=O)O)c1=O,1025.0
CHEMBL3318007,O=C(O)[C@H]1C2CCC(CC2)[C@@H]1Nc1nc(-c2c[nH]c3ncc(F)cc23)ncc1F,2.0
CHEMBL4516144,CCC(CC)O[C@@H]1C=C(C(=O)NCc2cn(Cc3ccccc3Cl)nn2)C[C@H](N)[C@H]1NC(C)=O,3320.0
CHEMBL4468358,CCC(CC)O[C@@H]1C=C(C(=O)NCc2cn(Cc3ccc(Br)cc3)nn2)C[C@H](N)[C@H]1NC(C)=O,2450.0
CHEMBL4438272,CCC(CC)O[C@@H]1C=C(C(=O)NCc2cn(CC(=O)N3CCOCC3)nn2)C[C@H](N)[C@H]1NC(C)=O,3100.0
CHEMBL4553522,CCC(CC)O[C@@H]1C=C(C(=O)NC(C)(C)c2cn([C@H]3C[C@H](n4cc(C)c(=O)[nH]c4=O)O[C@@H]3CO)nn2)C[C@H](N)[C@H]1NC(C)=O,6280.0
CHEMBL4438419,CC(C)N1CCC(NC(=O)c2c(Cl)cccc2Cl)CC1,272.0
CHEMBL4450727,CC(C)N1CCC(NC(=O)c2c(Cl)cccc2C(F)(F)F)CC1,587.0
CHEMBL4577797,CC(C)N1CCC(NC(=O)c2ccc([N+](=O)[O-])cc2Cl)CC1,211.0
CHEMBL4558751,CC(C)N1CCC(NC(=O)c2ccc(C(F)(F)F)cc2Cl)CC1,380.0
CHEMBL4443146,CC(C)N1CCC(N(C)C(=O)c2c(Cl)cccc2Cl)CC1,724.0
CHEMBL4453880,CC(C)(C)N1CCC(NC(=O)c2c(Cl)cccc2Cl)CC1,113.0
CHEMBL4590714,CC(C)CN1CCC(NC(=O)c2c(Cl)cccc2Cl)CC1,852.0
CHEMBL4559323,O=C(NC1CCN(C2CCCCC2)CC1)c1ccc(C(F)(F)F)cc1Cl,505.0
CHEMBL4527195,CC(C)N1CC[C@H](NC(=O)c2c(Cl)cccc2Cl)[C@@H](F)C1,885.0
CHEMBL4461234,CC(C)N1CC[C@H](NC(=O)c2ccc(C(F)(F)F)cc2Cl)[C@@H](F)C1,324.0
CHEMBL4450131,CC(C)N1CC[C@@H](NC(=O)c2ccc(C(F)(F)F)cc2Cl)[C@H](F)C1,263.0
CHEMBL4450397,CC(C)N1CC[C@@H](NC(=O)c2ccc(C(F)(F)F)cc2Cl)[C@@H](F)C1,989.0
CHEMBL4438284,CC(C)N1CC[C@H](NC(=O)c2ccc(C(F)(F)F)cc2Cl)[C@H](F)C1,195.0
CHEMBL4583652,O=C1O[C@H]([C@@H](O)Cn2ccnn2)C(OCc2ccccc2)=C1OCc1ccccc1,35150.0
CHEMBL4529628,CCC(CC)O[C@@H]1C=C(B(O)O)C[C@H](N)[C@H]1NC(C)=O,1700.0
CHEMBL4463038,CCC(CC)O[C@@H]1C=C(B(O)O)C[C@H](NC(=N)N)[C@H]1NC(C)=O,580.0
CHEMBL4460363,CCC(CC)O[C@@H]1C=C([B-](F)(F)F)C[C@H](N)[C@H]1NC(C)=O.[K+],860.0
CHEMBL4450708,CCC(CC)O[C@@H]1C=C([B-](F)(F)F)C[C@H](NC(=N)N)[C@H]1NC(C)=O.[K+],270.0
CHEMBL4463738,CCC(CC)O[C@@H]1C=C(S(=O)(=O)CCc2ccncc2)C[C@H](N)[C@H]1NC(C)=O,1500.0
CHEMBL4536771,CCC(CC)O[C@@H]1C=C(S(=O)(=O)CCc2ccncc2)C[C@H](NC(=N)N)[C@H]1NC(C)=O,100.0
CHEMBL4459086,CCC(CC)O[C@@H]1C=C(S(C)(=O)=O)C[C@H](N)[C@H]1NC(C)=O,1200.0
CHEMBL4470276,CCC(CC)O[C@@H]1C=C(S(C)(=O)=O)C[C@H](NC(=N)N)[C@H]1NC(C)=O,46.0
CHEMBL4549216,CCC(CC)O[C@@H]1C=C([S+]([O-])O)C[C@H](N)[C@H]1NC(C)=O,48.0
CHEMBL4547504,CCC(CC)O[C@@H]1C=C([S+]([O-])O)C[C@H](NC(=N)N)[C@H]1NC(C)=O,7.8
CHEMBL4440605,CCC(CC)O[C@@H]1C=C(S(=O)(=O)O)C[C@H](N)[C@H]1NC(C)=O,14.0
CHEMBL4562671,CCC(CC)O[C@@H]1C=C(S(=O)(=O)O)C[C@H](NC(=N)N)[C@H]1NC(C)=O,2.2
CHEMBL4470736,CCCCOS(=O)(=O)C1=C[C@@H](OC(CC)CC)[C@H](NC(C)=O)[C@@H](N)C1,190.0
CHEMBL4462409,CCCCOS(=O)(=O)C1=C[C@@H](OC(CC)CC)[C@H](NC(C)=O)[C@@H](NC(=N)N)C1,31.0
CHEMBL4575312,CCC(CC)O[C@@H]1C=C(S(=O)(=O)OCCCc2ccccc2)C[C@H](N)[C@H]1NC(C)=O,280.0
CHEMBL4521226,CCC(CC)O[C@@H]1C=C(S(=O)(=O)OCCCc2ccccc2)C[C@H](NC(=N)N)[C@H]1NC(C)=O,24.0
CHEMBL4549718,CC(=O)N[C@@H]1[C@@H](NC(=N)N)C=C(C(=O)O)O[C@H]1[C@H](OC(=O)NCCOCCOCCOCCOCCOCCOCCOCCOCCOCCOCCOCCOCc1cn(CC(Cn2cc(COCCOCCOCCOCCOCCOCCOCCOCCOCCOCCOCCOCCNC(=O)O[C@H]([C@H](O)CO)[C@@H]3OC(C(=O)O)=C[C@H](NC(=N)N)[C@H]3NC(C)=O)nn2)(Cn2cc(COCCOCCOCCOCCOCCOCCOCCOCCOCCOCCOCCOCCNC(=O)O[C@H]([C@H](O)CO)[C@@H]3OC(C(=O)O)=C[C@H](NC(=N)N)[C@H]3NC(C)=O)nn2)Cn2cc(COCCOCCOCCOCCOCCOCCOCCOCCOCCOCCOCCOCCNC(=O)O[C@H]([C@H](O)CO)[C@@H]3OC(C(=O)O)=C[C@H](NC(=N)N)[C@H]3NC(C)=O)nn2)nn1)[C@H](O)CO,1.2
CHEMBL4543323,O=S(=O)(NCc1cc2ccccc2s1)c1cccc(F)c1,100000.0
CHEMBL4515951,O=S(=O)(NCc1cc2ccccc2s1)c1ccccc1F,100000.0
CHEMBL4537555,Cc1ccc(S(=O)(=O)NCc2cc3ccccc3s2)cc1,100000.0
CHEMBL4559127,O=S(=O)(NCc1cc2ccccc2s1)c1ccc(C(F)(F)F)cc1,100000.0
CHEMBL4543160,O=S(=O)(NCc1cc2ccccc2s1)c1ccc(Br)cc1,100000.0
CHEMBL4518870,O=S(=O)(NCc1cc2ccccc2s1)c1ccc(Cl)cc1,100000.0
CHEMBL4551543,O=S(=O)(NCc1cc2ccccc2s1)c1ccc(F)cc1,100000.0
CHEMBL4539682,N#Cc1ccc(S(=O)(=O)NCc2cc3ccccc3s2)cc1,100000.0
CHEMBL4514902,O=[N+]([O-])c1ccc(S(=O)(=O)NCc2cc3ccccc3s2)cc1,100000.0
CHEMBL4538304,CC(=O)c1ccc(S(=O)(=O)NCc2csc3ccccc23)cc1,100000.0
CHEMBL4546727,O=S(=O)(NCc1csc2ccccc12)c1cccc(F)c1,100000.0
CHEMBL4591526,O=S(=O)(NCc1csc2ccccc12)c1ccccc1F,100000.0
CHEMBL4567651,Cc1ccc(S(=O)(=O)NCc2csc3ccccc23)cc1,100000.0
CHEMBL4564406,O=S(=O)(NCc1csc2ccccc12)c1ccc(C(F)(F)F)cc1,100000.0
CHEMBL4527371,O=S(=O)(NCc1csc2ccccc12)c1ccc(Br)cc1,100000.0
CHEMBL4579348,O=S(=O)(NCc1csc2ccccc12)c1ccc(Cl)cc1,100000.0
CHEMBL4588491,O=S(=O)(NCc1csc2ccccc12)c1ccc(F)cc1,100000.0
CHEMBL4581693,N#Cc1ccc(S(=O)(=O)NCc2csc3ccccc23)cc1,100000.0
CHEMBL4534199,O=[N+]([O-])c1ccc(S(=O)(=O)NCc2csc3ccccc23)cc1,100000.0
CHEMBL4540325,O=[N+]([O-])c1ccc(S(=O)(=O)NCc2ccc(Cl)s2)cc1,100000.0
CHEMBL4528685,O=[N+]([O-])c1ccc(S(=O)(=O)NCc2cccs2)cc1,100000.0
CHEMBL4544193,O=[N+]([O-])c1ccc(S(=O)(=O)NCc2ccsc2)cc1,100000.0
CHEMBL4527406,Cc1cc(CNS(=O)(=O)c2ccc(Br)cc2)c(C)s1,100000.0
CHEMBL4586535,Cc1cc(CNS(=O)(=O)c2ccc(Cl)cc2)c(C)s1,100000.0
CHEMBL4519600,Cc1cc(CNS(=O)(=O)c2ccc(F)cc2)c(C)s1,100000.0
CHEMBL4557613,Cc1cc(CNS(=O)(=O)c2ccc(C#N)cc2)c(C)s1,100000.0
CHEMBL4518980,Cc1cc(CNS(=O)(=O)c2ccc([N+](=O)[O-])cc2)c(C)s1,100000.0
CHEMBL4590782,O=[N+]([O-])c1ccc(S(=O)(=O)NCc2ccoc2)cc1,100000.0
CHEMBL4592186,Cc1cc(CNS(=O)(=O)c2ccc(Br)cc2)c(C)o1,100000.0
CHEMBL4557215,Cc1cc(CNS(=O)(=O)c2ccc(Cl)cc2)c(C)o1,100000.0
CHEMBL4574356,Cc1cc(CNS(=O)(=O)c2ccc(F)cc2)c(C)o1,100000.0
CHEMBL4586595,Cc1cc(CNS(=O)(=O)c2ccc(C#N)cc2)c(C)o1,100000.0
CHEMBL4517321,Cc1cc(CNS(=O)(=O)c2ccc([N+](=O)[O-])cc2)c(C)o1,100000.0
CHEMBL4546102,CC1CC2=C(NC(=O)NC2c2ccc(O)c(Br)c2)c2ccccc21,32.0
